"../../../Engine/Plugins/Animation/ACLPlugin/Content/ACLAnimCurveCompressionSettings.uasset" 0
"../../../Engine/Plugins/Animation/ACLPlugin/Content/ACLAnimCurveCompressionSettings.uexp" 1
"../../../Engine/Plugins/Animation/ACLPlugin/Content/ACLAnimBoneCompressionSettings.uasset" 2
"../../../Engine/Plugins/Animation/ACLPlugin/Content/ACLAnimBoneCompressionSettings.uexp" 3
"../../../Engine/Plugins/2D/Paper2D/Content/PlaceholderTextures/DummySpriteTexture.ubulk" 4
"../../../Engine/Plugins/2D/Paper2D/Content/PlaceholderTextures/DummySpriteTexture.uasset" 5
"../../../Engine/Plugins/2D/Paper2D/Content/PlaceholderTextures/DummySpriteTexture.uexp" 6
"../../../Engine/Plugins/2D/Paper2D/Content/DummySprite.uasset" 7
"../../../Engine/Plugins/2D/Paper2D/Content/DummySprite.uexp" 8
"../../../Engine/Plugins/2D/Paper2D/Content/DefaultPaperTerrainMaterial.uasset" 9
"../../../Engine/Plugins/2D/Paper2D/Content/DefaultPaperTerrainMaterial.uexp" 10
"../../../Engine/Plugins/Interchange/Runtime/Content/Pipelines/DefaultTexturePipeline.uasset" 11
"../../../Engine/Plugins/Interchange/Runtime/Content/Pipelines/DefaultTexturePipeline.uexp" 12
"../../../Engine/Plugins/Interchange/Runtime/Content/Pipelines/DefaultSceneLevelPipeline.uasset" 13
"../../../Engine/Plugins/Interchange/Runtime/Content/Pipelines/DefaultSceneLevelPipeline.uexp" 14
"../../../Engine/Plugins/Interchange/Runtime/Content/Pipelines/DefaultSceneAssetsPipeline.uasset" 15
"../../../Engine/Plugins/Interchange/Runtime/Content/Pipelines/DefaultSceneAssetsPipeline.uexp" 16
"../../../Engine/Plugins/Interchange/Runtime/Content/Pipelines/DefaultMaterialXPipeline.uasset" 17
"../../../Engine/Plugins/Interchange/Runtime/Content/Pipelines/DefaultMaterialXPipeline.uexp" 18
"../../../Engine/Plugins/Interchange/Runtime/Content/Pipelines/DefaultMaterialPipeline.uasset" 19
"../../../Engine/Plugins/Interchange/Runtime/Content/Pipelines/DefaultMaterialPipeline.uexp" 20
"../../../Engine/Plugins/Interchange/Runtime/Content/Pipelines/DefaultGLTFSceneAssetsPipeline.uasset" 21
"../../../Engine/Plugins/Interchange/Runtime/Content/Pipelines/DefaultGLTFSceneAssetsPipeline.uexp" 22
"../../../Engine/Plugins/Interchange/Runtime/Content/Pipelines/DefaultGLTFPipeline.uasset" 23
"../../../Engine/Plugins/Interchange/Runtime/Content/Pipelines/DefaultGLTFPipeline.uexp" 24
"../../../Engine/Plugins/Interchange/Runtime/Content/Pipelines/DefaultGLTFAssetsPipeline.uasset" 25
"../../../Engine/Plugins/Interchange/Runtime/Content/Pipelines/DefaultGLTFAssetsPipeline.uexp" 26
"../../../Engine/Plugins/Interchange/Runtime/Content/Pipelines/DefaultAssetsPipeline.uasset" 27
"../../../Engine/Plugins/Interchange/Runtime/Content/Pipelines/DefaultAssetsPipeline.uexp" 28
"../../../Engine/Plugins/Animation/ControlRig/Content/Controls/DefaultGizmoLibraryNormalized.uasset" 29
"../../../Engine/Plugins/Animation/ControlRig/Content/Controls/DefaultGizmoLibraryNormalized.uexp" 30
"../../../Engine/Content/EngineSounds/Master.uasset" 31
"../../../Engine/Content/EngineSounds/Master.uexp" 32
"../../../Engine/Content/MobileResources/HUD/VirtualJoystick_Background.uasset" 33
"../../../Engine/Content/MobileResources/HUD/VirtualJoystick_Background.uexp" 34
"../../../Engine/Content/MobileResources/HUD/VirtualJoystick_Thumb.uasset" 35
"../../../Engine/Content/MobileResources/HUD/VirtualJoystick_Thumb.uexp" 36
"../../../Engine/Content/MobileResources/HUD/DefaultVirtualJoysticks.uasset" 37
"../../../Engine/Content/MobileResources/HUD/DefaultVirtualJoysticks.uexp" 38
"../../../Engine/Content/EngineMaterials/DefaultDestructiblePhysicalMaterial.uasset" 39
"../../../Engine/Content/EngineMaterials/DefaultDestructiblePhysicalMaterial.uexp" 40
"../../../Engine/Content/EngineFonts/Faces/RobotoLight.uexp" 41
"../../../Engine/Content/EngineFonts/Faces/RobotoLight.uasset" 42
"../../../Engine/Content/EngineFonts/Faces/RobotoLight.ufont" 43
"../../../Engine/Content/EngineFonts/Faces/RobotoBold.uexp" 44
"../../../Engine/Content/EngineFonts/Faces/RobotoBold.uasset" 45
"../../../Engine/Content/EngineFonts/Faces/RobotoBold.ufont" 46
"../../../Engine/Content/EngineFonts/Faces/RobotoRegular.uexp" 47
"../../../Engine/Content/EngineFonts/Faces/RobotoRegular.uasset" 48
"../../../Engine/Content/EngineFonts/Faces/RobotoRegular.ufont" 49
"../../../Engine/Content/EngineFonts/Faces/DroidSansFallback.uexp" 50
"../../../Engine/Content/EngineFonts/Faces/DroidSansFallback.uasset" 51
"../../../Engine/Content/EngineFonts/Faces/DroidSansFallback.ufont" 52
"../../../Engine/Content/EngineFonts/Faces/RobotoItalic.uexp" 53
"../../../Engine/Content/EngineFonts/Faces/RobotoItalic.uasset" 54
"../../../Engine/Content/EngineFonts/Faces/RobotoItalic.ufont" 55
"../../../Engine/Content/EngineFonts/Faces/RobotoBoldItalic.uexp" 56
"../../../Engine/Content/EngineFonts/Faces/RobotoBoldItalic.uasset" 57
"../../../Engine/Content/EngineFonts/Faces/RobotoBoldItalic.ufont" 58
"../../../Engine/Content/EngineFonts/Roboto.uasset" 59
"../../../Engine/Content/EngineFonts/Roboto.uexp" 60
"../../../Engine/Content/Animation/DefaultVariableFrameStrippingSettings.uasset" 61
"../../../Engine/Content/Animation/DefaultVariableFrameStrippingSettings.uexp" 62
"../../../Engine/Content/Animation/DefaultRecorderBoneCompression.uasset" 63
"../../../Engine/Content/Animation/DefaultRecorderBoneCompression.uexp" 64
"../../../Engine/Content/EditorResources/S_Actor.ubulk" 65
"../../../Engine/Content/EditorResources/S_Actor.uasset" 66
"../../../Engine/Content/EditorResources/S_Actor.uexp" 67
"../../../Engine/Content/EngineMaterials/T_Default_Material_Grid_M.ubulk" 68
"../../../Engine/Content/EngineMaterials/T_Default_Material_Grid_M.uasset" 69
"../../../Engine/Content/EngineMaterials/T_Default_Material_Grid_M.uexp" 70
"../../../Engine/Content/EngineMaterials/T_Default_Material_Grid_N.ubulk" 71
"../../../Engine/Content/EngineMaterials/T_Default_Material_Grid_N.uasset" 72
"../../../Engine/Content/EngineMaterials/T_Default_Material_Grid_N.uexp" 73
"../../../Engine/Content/Functions/Engine_MaterialFunctions01/Opacity/CameraDepthFade.uasset" 74
"../../../Engine/Content/Functions/Engine_MaterialFunctions01/Opacity/CameraDepthFade.uexp" 75
"../../../Engine/Content/EngineMaterials/WorldGridMaterial.uasset" 76
"../../../Engine/Content/EngineMaterials/WorldGridMaterial.uexp" 77
"../../../Engine/Content/BasicShapes/Cube.ubulk" 78
"../../../Engine/Content/BasicShapes/Cube.uasset" 79
"../../../Engine/Content/BasicShapes/Cube.uexp" 80
"../../../Engine/Content/EngineMaterials/DefaultMaterial.uasset" 81
"../../../Engine/Content/EngineMaterials/DefaultMaterial.uexp" 82
"../../../Engine/Content/BasicShapes/Cylinder.ubulk" 83
"../../../Engine/Content/BasicShapes/Cylinder.uasset" 84
"../../../Engine/Content/BasicShapes/Cylinder.uexp" 85
"C:/Users/LPMJV/Documents/Courgits/RogueDance/RogueDance/Content/INPUT/InputActions/IA_MoveZS.uasset" 86
"C:/Users/LPMJV/Documents/Courgits/RogueDance/RogueDance/Content/INPUT/InputActions/IA_MoveZS.uexp" 87
"C:/Users/LPMJV/Documents/Courgits/RogueDance/RogueDance/Content/ART/Alex/Material/M_CrewPlaceHolder.uasset" 88
"C:/Users/LPMJV/Documents/Courgits/RogueDance/RogueDance/Content/ART/Alex/Material/M_CrewPlaceHolder.uexp" 89
"C:/Users/LPMJV/Documents/Courgits/RogueDance/RogueDance/Content/ART/Alex/MaterialInstance/MI_CrewPHDps.uasset" 90
"C:/Users/LPMJV/Documents/Courgits/RogueDance/RogueDance/Content/ART/Alex/MaterialInstance/MI_CrewPHDps.uexp" 91
"../../../Engine/Plugins/2D/Paper2D/Content/PlaceholderTextures/FlatNormalMap.uasset" 92
"../../../Engine/Plugins/2D/Paper2D/Content/PlaceholderTextures/FlatNormalMap.uexp" 93
"../../../Engine/Plugins/2D/Paper2D/Content/DefaultLitSpriteMaterial.uasset" 94
"../../../Engine/Plugins/2D/Paper2D/Content/DefaultLitSpriteMaterial.uexp" 95
"../../../Engine/Plugins/2D/Paper2D/Content/TranslucentUnlitSpriteMaterial.uasset" 96
"../../../Engine/Plugins/2D/Paper2D/Content/TranslucentUnlitSpriteMaterial.uexp" 97
"C:/Users/LPMJV/Documents/Courgits/RogueDance/RogueDance/Content/ART/Darius/Jet_Celi/Walk/Chronologie_1_0004.uasset" 98
"C:/Users/LPMJV/Documents/Courgits/RogueDance/RogueDance/Content/ART/Darius/Jet_Celi/Walk/Chronologie_1_0004.uexp" 99
"C:/Users/LPMJV/Documents/Courgits/RogueDance/RogueDance/Content/ART/Darius/Jet_Celi/Walk/Chronologie_1_0004_Sprite.uasset" 100
"C:/Users/LPMJV/Documents/Courgits/RogueDance/RogueDance/Content/ART/Darius/Jet_Celi/Walk/Chronologie_1_0004_Sprite.uexp" 101
"C:/Users/LPMJV/Documents/Courgits/RogueDance/RogueDance/Content/ART/Darius/Jet_Celi/Walk/Chronologie_1_0001.uasset" 102
"C:/Users/LPMJV/Documents/Courgits/RogueDance/RogueDance/Content/ART/Darius/Jet_Celi/Walk/Chronologie_1_0001.uexp" 103
"C:/Users/LPMJV/Documents/Courgits/RogueDance/RogueDance/Content/ART/Darius/Jet_Celi/Walk/Chronologie_1_0001_Sprite.uasset" 104
"C:/Users/LPMJV/Documents/Courgits/RogueDance/RogueDance/Content/ART/Darius/Jet_Celi/Walk/Chronologie_1_0001_Sprite.uexp" 105
"C:/Users/LPMJV/Documents/Courgits/RogueDance/RogueDance/Content/ART/Darius/Jet_Celi/Walk/Chronologie_1_0005.uasset" 106
"C:/Users/LPMJV/Documents/Courgits/RogueDance/RogueDance/Content/ART/Darius/Jet_Celi/Walk/Chronologie_1_0005.uexp" 107
"C:/Users/LPMJV/Documents/Courgits/RogueDance/RogueDance/Content/ART/Darius/Jet_Celi/Walk/Chronologie_1_0005_Sprite.uasset" 108
"C:/Users/LPMJV/Documents/Courgits/RogueDance/RogueDance/Content/ART/Darius/Jet_Celi/Walk/Chronologie_1_0005_Sprite.uexp" 109
"C:/Users/LPMJV/Documents/Courgits/RogueDance/RogueDance/Content/ART/Darius/Jet_Celi/Walk/Chronologie_1_0003.uasset" 110
"C:/Users/LPMJV/Documents/Courgits/RogueDance/RogueDance/Content/ART/Darius/Jet_Celi/Walk/Chronologie_1_0003.uexp" 111
"C:/Users/LPMJV/Documents/Courgits/RogueDance/RogueDance/Content/ART/Darius/Jet_Celi/Walk/Chronologie_1_0003_Sprite.uasset" 112
"C:/Users/LPMJV/Documents/Courgits/RogueDance/RogueDance/Content/ART/Darius/Jet_Celi/Walk/Chronologie_1_0003_Sprite.uexp" 113
"C:/Users/LPMJV/Documents/Courgits/RogueDance/RogueDance/Content/ART/Darius/Jet_Celi/Walk/Chronologie_1_0000.uasset" 114
"C:/Users/LPMJV/Documents/Courgits/RogueDance/RogueDance/Content/ART/Darius/Jet_Celi/Walk/Chronologie_1_0000.uexp" 115
"C:/Users/LPMJV/Documents/Courgits/RogueDance/RogueDance/Content/ART/Darius/Jet_Celi/Walk/Chronologie_1_0000_Sprite.uasset" 116
"C:/Users/LPMJV/Documents/Courgits/RogueDance/RogueDance/Content/ART/Darius/Jet_Celi/Walk/Chronologie_1_0000_Sprite.uexp" 117
"C:/Users/LPMJV/Documents/Courgits/RogueDance/RogueDance/Content/ART/Darius/Jet_Celi/Walk/Chronologie_1_0002.uasset" 118
"C:/Users/LPMJV/Documents/Courgits/RogueDance/RogueDance/Content/ART/Darius/Jet_Celi/Walk/Chronologie_1_0002.uexp" 119
"C:/Users/LPMJV/Documents/Courgits/RogueDance/RogueDance/Content/ART/Darius/Jet_Celi/Walk/Chronologie_1_0002_Sprite.uasset" 120
"C:/Users/LPMJV/Documents/Courgits/RogueDance/RogueDance/Content/ART/Darius/Jet_Celi/Walk/Chronologie_1_0002_Sprite.uexp" 121
"C:/Users/LPMJV/Documents/Courgits/RogueDance/RogueDance/Content/ART/Darius/Jet_Celi/Walk/ANIME_Celi_walk.uasset" 122
"C:/Users/LPMJV/Documents/Courgits/RogueDance/RogueDance/Content/ART/Darius/Jet_Celi/Walk/ANIME_Celi_walk.uexp" 123
"C:/Users/LPMJV/Documents/Courgits/RogueDance/RogueDance/Content/BLUEPRINT/DataAsset/DataAssetRessources/BPD_StaminaBar.uasset" 124
"C:/Users/LPMJV/Documents/Courgits/RogueDance/RogueDance/Content/BLUEPRINT/DataAsset/DataAssetRessources/BPD_StaminaBar.uexp" 125
"C:/Users/LPMJV/Documents/Courgits/RogueDance/RogueDance/Content/BLUEPRINT/DataAsset/DataAssetRessources/DA_StaminaBars.uasset" 126
"C:/Users/LPMJV/Documents/Courgits/RogueDance/RogueDance/Content/BLUEPRINT/DataAsset/DataAssetRessources/DA_StaminaBars.uexp" 127
"C:/Users/LPMJV/Documents/Courgits/RogueDance/RogueDance/Content/ART/Darius/Jet_Celi/ComboCROSS/Chronologie_1_0000.uasset" 128
"C:/Users/LPMJV/Documents/Courgits/RogueDance/RogueDance/Content/ART/Darius/Jet_Celi/ComboCROSS/Chronologie_1_0000.uexp" 129
"C:/Users/LPMJV/Documents/Courgits/RogueDance/RogueDance/Content/ART/Darius/Jet_Celi/ComboCROSS/Chronologie_1_0000_Sprite.uasset" 130
"C:/Users/LPMJV/Documents/Courgits/RogueDance/RogueDance/Content/ART/Darius/Jet_Celi/ComboCROSS/Chronologie_1_0000_Sprite.uexp" 131
"C:/Users/LPMJV/Documents/Courgits/RogueDance/RogueDance/Content/ART/Darius/Jet_Celi/ComboCROSS/Chronologie_1_0001.uasset" 132
"C:/Users/LPMJV/Documents/Courgits/RogueDance/RogueDance/Content/ART/Darius/Jet_Celi/ComboCROSS/Chronologie_1_0001.uexp" 133
"C:/Users/LPMJV/Documents/Courgits/RogueDance/RogueDance/Content/ART/Darius/Jet_Celi/ComboCROSS/Chronologie_1_0001_Sprite.uasset" 134
"C:/Users/LPMJV/Documents/Courgits/RogueDance/RogueDance/Content/ART/Darius/Jet_Celi/ComboCROSS/Chronologie_1_0001_Sprite.uexp" 135
"C:/Users/LPMJV/Documents/Courgits/RogueDance/RogueDance/Content/ART/Darius/Jet_Celi/ComboCROSS/Chronologie_1_0002.uasset" 136
"C:/Users/LPMJV/Documents/Courgits/RogueDance/RogueDance/Content/ART/Darius/Jet_Celi/ComboCROSS/Chronologie_1_0002.uexp" 137
"C:/Users/LPMJV/Documents/Courgits/RogueDance/RogueDance/Content/ART/Darius/Jet_Celi/ComboCROSS/Chronologie_1_0002_Sprite.uasset" 138
"C:/Users/LPMJV/Documents/Courgits/RogueDance/RogueDance/Content/ART/Darius/Jet_Celi/ComboCROSS/Chronologie_1_0002_Sprite.uexp" 139
"C:/Users/LPMJV/Documents/Courgits/RogueDance/RogueDance/Content/ART/Darius/Jet_Celi/ANIME_Celi_crossCombo1.uasset" 140
"C:/Users/LPMJV/Documents/Courgits/RogueDance/RogueDance/Content/ART/Darius/Jet_Celi/ANIME_Celi_crossCombo1.uexp" 141
"C:/Users/LPMJV/Documents/Courgits/RogueDance/RogueDance/Content/INPUT/InputActions/IA_Ability3.uasset" 142
"C:/Users/LPMJV/Documents/Courgits/RogueDance/RogueDance/Content/INPUT/InputActions/IA_Ability3.uexp" 143
"C:/Users/LPMJV/Documents/Courgits/RogueDance/RogueDance/Content/ART/Darius/Jet_Celi/ComboCROSS/Chronologie_1_0006.uasset" 144
"C:/Users/LPMJV/Documents/Courgits/RogueDance/RogueDance/Content/ART/Darius/Jet_Celi/ComboCROSS/Chronologie_1_0006.uexp" 145
"C:/Users/LPMJV/Documents/Courgits/RogueDance/RogueDance/Content/ART/Darius/Jet_Celi/ComboCROSS/Chronologie_1_0006_Sprite.uasset" 146
"C:/Users/LPMJV/Documents/Courgits/RogueDance/RogueDance/Content/ART/Darius/Jet_Celi/ComboCROSS/Chronologie_1_0006_Sprite.uexp" 147
"C:/Users/LPMJV/Documents/Courgits/RogueDance/RogueDance/Content/ART/Darius/Jet_Celi/ComboCROSS/Chronologie_1_0004.uasset" 148
"C:/Users/LPMJV/Documents/Courgits/RogueDance/RogueDance/Content/ART/Darius/Jet_Celi/ComboCROSS/Chronologie_1_0004.uexp" 149
"C:/Users/LPMJV/Documents/Courgits/RogueDance/RogueDance/Content/ART/Darius/Jet_Celi/ComboCROSS/Chronologie_1_0004_Sprite.uasset" 150
"C:/Users/LPMJV/Documents/Courgits/RogueDance/RogueDance/Content/ART/Darius/Jet_Celi/ComboCROSS/Chronologie_1_0004_Sprite.uexp" 151
"C:/Users/LPMJV/Documents/Courgits/RogueDance/RogueDance/Content/ART/Darius/Jet_Celi/ComboCROSS/Chronologie_1_0008.uasset" 152
"C:/Users/LPMJV/Documents/Courgits/RogueDance/RogueDance/Content/ART/Darius/Jet_Celi/ComboCROSS/Chronologie_1_0008.uexp" 153
"C:/Users/LPMJV/Documents/Courgits/RogueDance/RogueDance/Content/ART/Darius/Jet_Celi/ComboCROSS/Chronologie_1_0008_Sprite.uasset" 154
"C:/Users/LPMJV/Documents/Courgits/RogueDance/RogueDance/Content/ART/Darius/Jet_Celi/ComboCROSS/Chronologie_1_0008_Sprite.uexp" 155
"C:/Users/LPMJV/Documents/Courgits/RogueDance/RogueDance/Content/ART/Darius/Jet_Celi/ComboCROSS/Chronologie_1_0005.uasset" 156
"C:/Users/LPMJV/Documents/Courgits/RogueDance/RogueDance/Content/ART/Darius/Jet_Celi/ComboCROSS/Chronologie_1_0005.uexp" 157
"C:/Users/LPMJV/Documents/Courgits/RogueDance/RogueDance/Content/ART/Darius/Jet_Celi/ComboCROSS/Chronologie_1_0005_Sprite.uasset" 158
"C:/Users/LPMJV/Documents/Courgits/RogueDance/RogueDance/Content/ART/Darius/Jet_Celi/ComboCROSS/Chronologie_1_0005_Sprite.uexp" 159
"C:/Users/LPMJV/Documents/Courgits/RogueDance/RogueDance/Content/ART/Darius/Jet_Celi/ComboCROSS/Chronologie_1_0003.uasset" 160
"C:/Users/LPMJV/Documents/Courgits/RogueDance/RogueDance/Content/ART/Darius/Jet_Celi/ComboCROSS/Chronologie_1_0003.uexp" 161
"C:/Users/LPMJV/Documents/Courgits/RogueDance/RogueDance/Content/ART/Darius/Jet_Celi/ComboCROSS/Chronologie_1_0003_Sprite.uasset" 162
"C:/Users/LPMJV/Documents/Courgits/RogueDance/RogueDance/Content/ART/Darius/Jet_Celi/ComboCROSS/Chronologie_1_0003_Sprite.uexp" 163
"C:/Users/LPMJV/Documents/Courgits/RogueDance/RogueDance/Content/ART/Darius/Jet_Celi/ComboCROSS/Chronologie_1_0007.uasset" 164
"C:/Users/LPMJV/Documents/Courgits/RogueDance/RogueDance/Content/ART/Darius/Jet_Celi/ComboCROSS/Chronologie_1_0007.uexp" 165
"C:/Users/LPMJV/Documents/Courgits/RogueDance/RogueDance/Content/ART/Darius/Jet_Celi/ComboCROSS/Chronologie_1_0007_Sprite.uasset" 166
"C:/Users/LPMJV/Documents/Courgits/RogueDance/RogueDance/Content/ART/Darius/Jet_Celi/ComboCROSS/Chronologie_1_0007_Sprite.uexp" 167
"C:/Users/LPMJV/Documents/Courgits/RogueDance/RogueDance/Content/ART/Darius/Jet_Celi/ComboCROSS/ANIME_Celi_crossAl.uasset" 168
"C:/Users/LPMJV/Documents/Courgits/RogueDance/RogueDance/Content/ART/Darius/Jet_Celi/ComboCROSS/ANIME_Celi_crossAl.uexp" 169
"C:/Users/LPMJV/Documents/Courgits/RogueDance/RogueDance/Content/INPUT/InputActions/IA_MoveQD.uasset" 170
"C:/Users/LPMJV/Documents/Courgits/RogueDance/RogueDance/Content/INPUT/InputActions/IA_MoveQD.uexp" 171
"C:/Users/LPMJV/Documents/Courgits/RogueDance/RogueDance/Content/ART/Darius/Jet_Celi/Idle/Chronologie_1_0000.uasset" 172
"C:/Users/LPMJV/Documents/Courgits/RogueDance/RogueDance/Content/ART/Darius/Jet_Celi/Idle/Chronologie_1_0000.uexp" 173
"C:/Users/LPMJV/Documents/Courgits/RogueDance/RogueDance/Content/ART/Darius/Jet_Celi/Idle/Chronologie_1_0000_Sprite.uasset" 174
"C:/Users/LPMJV/Documents/Courgits/RogueDance/RogueDance/Content/ART/Darius/Jet_Celi/Idle/Chronologie_1_0000_Sprite.uexp" 175
"C:/Users/LPMJV/Documents/Courgits/RogueDance/RogueDance/Content/ART/Darius/Jet_Celi/Idle/Chronologie_1_0001.uasset" 176
"C:/Users/LPMJV/Documents/Courgits/RogueDance/RogueDance/Content/ART/Darius/Jet_Celi/Idle/Chronologie_1_0001.uexp" 177
"C:/Users/LPMJV/Documents/Courgits/RogueDance/RogueDance/Content/ART/Darius/Jet_Celi/Idle/Chronologie_1_0001_Sprite.uasset" 178
"C:/Users/LPMJV/Documents/Courgits/RogueDance/RogueDance/Content/ART/Darius/Jet_Celi/Idle/Chronologie_1_0001_Sprite.uexp" 179
"C:/Users/LPMJV/Documents/Courgits/RogueDance/RogueDance/Content/ART/Darius/Jet_Celi/Idle/ANIME_Celi_idle.uasset" 180
"C:/Users/LPMJV/Documents/Courgits/RogueDance/RogueDance/Content/ART/Darius/Jet_Celi/Idle/ANIME_Celi_idle.uexp" 181
"C:/Users/LPMJV/Documents/Courgits/RogueDance/RogueDance/Content/ART/Alex/DPSDarius/DPS/DPS_moveset/Move2Down/Chronologie_1_0001.uasset" 182
"C:/Users/LPMJV/Documents/Courgits/RogueDance/RogueDance/Content/ART/Alex/DPSDarius/DPS/DPS_moveset/Move2Down/Chronologie_1_0001.uexp" 183
"C:/Users/LPMJV/Documents/Courgits/RogueDance/RogueDance/Content/ART/Alex/DPSDarius/DPS/DPS_moveset/Move2Down/Chronologie_1_0001_Sprite.uasset" 184
"C:/Users/LPMJV/Documents/Courgits/RogueDance/RogueDance/Content/ART/Alex/DPSDarius/DPS/DPS_moveset/Move2Down/Chronologie_1_0001_Sprite.uexp" 185
"C:/Users/LPMJV/Documents/Courgits/RogueDance/RogueDance/Content/ART/Alex/DPSDarius/DPS/DPS_moveset/Move2Down/Chronologie_1_0000.uasset" 186
"C:/Users/LPMJV/Documents/Courgits/RogueDance/RogueDance/Content/ART/Alex/DPSDarius/DPS/DPS_moveset/Move2Down/Chronologie_1_0000.uexp" 187
"C:/Users/LPMJV/Documents/Courgits/RogueDance/RogueDance/Content/ART/Alex/DPSDarius/DPS/DPS_moveset/Move2Down/Chronologie_1_0000_Sprite.uasset" 188
"C:/Users/LPMJV/Documents/Courgits/RogueDance/RogueDance/Content/ART/Alex/DPSDarius/DPS/DPS_moveset/Move2Down/Chronologie_1_0000_Sprite.uexp" 189
"C:/Users/LPMJV/Documents/Courgits/RogueDance/RogueDance/Content/ART/Alex/DPSDarius/DPS/DPS_moveset/Move2Down/Chronologie_1_0002.uasset" 190
"C:/Users/LPMJV/Documents/Courgits/RogueDance/RogueDance/Content/ART/Alex/DPSDarius/DPS/DPS_moveset/Move2Down/Chronologie_1_0002.uexp" 191
"C:/Users/LPMJV/Documents/Courgits/RogueDance/RogueDance/Content/ART/Alex/DPSDarius/DPS/DPS_moveset/Move2Down/Chronologie_1_0002_Sprite.uasset" 192
"C:/Users/LPMJV/Documents/Courgits/RogueDance/RogueDance/Content/ART/Alex/DPSDarius/DPS/DPS_moveset/Move2Down/Chronologie_1_0002_Sprite.uexp" 193
"C:/Users/LPMJV/Documents/Courgits/RogueDance/RogueDance/Content/ART/Alex/DPSDarius/DPS/DPS_moveset/Move2Down/Chronologie_1_0003.uasset" 194
"C:/Users/LPMJV/Documents/Courgits/RogueDance/RogueDance/Content/ART/Alex/DPSDarius/DPS/DPS_moveset/Move2Down/Chronologie_1_0003.uexp" 195
"C:/Users/LPMJV/Documents/Courgits/RogueDance/RogueDance/Content/ART/Alex/DPSDarius/DPS/DPS_moveset/Move2Down/Chronologie_1_0003_Sprite.uasset" 196
"C:/Users/LPMJV/Documents/Courgits/RogueDance/RogueDance/Content/ART/Alex/DPSDarius/DPS/DPS_moveset/Move2Down/Chronologie_1_0003_Sprite.uexp" 197
"C:/Users/LPMJV/Documents/Courgits/RogueDance/RogueDance/Content/ART/Alex/DPSDarius/DPS/DPS_moveset/Move2Down/FB_Top2Dance.uasset" 198
"C:/Users/LPMJV/Documents/Courgits/RogueDance/RogueDance/Content/ART/Alex/DPSDarius/DPS/DPS_moveset/Move2Down/FB_Top2Dance.uexp" 199
"C:/Users/LPMJV/Documents/Courgits/RogueDance/RogueDance/Content/ART/Darius/Jet_Celi/ANIME_Celi_crossCombo2.uasset" 200
"C:/Users/LPMJV/Documents/Courgits/RogueDance/RogueDance/Content/ART/Darius/Jet_Celi/ANIME_Celi_crossCombo2.uexp" 201
"C:/Users/LPMJV/Documents/Courgits/RogueDance/RogueDance/Content/INPUT/InputActions/IA_Ability4.uasset" 202
"C:/Users/LPMJV/Documents/Courgits/RogueDance/RogueDance/Content/INPUT/InputActions/IA_Ability4.uexp" 203
"C:/Users/LPMJV/Documents/Courgits/RogueDance/RogueDance/Content/BLUEPRINT/DataAsset/DataAssetsAudio/BPD_Clock157.uasset" 204
"C:/Users/LPMJV/Documents/Courgits/RogueDance/RogueDance/Content/BLUEPRINT/DataAsset/DataAssetsAudio/BPD_Clock157.uexp" 205
"C:/Users/LPMJV/Documents/Courgits/RogueDance/RogueDance/Content/BLUEPRINT/DataAsset/DataAssetsAudio/DA_Clock157.uasset" 206
"C:/Users/LPMJV/Documents/Courgits/RogueDance/RogueDance/Content/BLUEPRINT/DataAsset/DataAssetsAudio/DA_Clock157.uexp" 207
"C:/Users/LPMJV/Documents/Courgits/RogueDance/RogueDance/Content/ART/Darius/Jet_Celi/E_ComboType.uasset" 208
"C:/Users/LPMJV/Documents/Courgits/RogueDance/RogueDance/Content/ART/Darius/Jet_Celi/E_ComboType.uexp" 209
"C:/Users/LPMJV/Documents/Courgits/RogueDance/RogueDance/Content/ART/Alex/DPSDarius/DPS/DPS_moveset/Move3SPIN/Chronologie_1_0000.uasset" 210
"C:/Users/LPMJV/Documents/Courgits/RogueDance/RogueDance/Content/ART/Alex/DPSDarius/DPS/DPS_moveset/Move3SPIN/Chronologie_1_0000.uexp" 211
"C:/Users/LPMJV/Documents/Courgits/RogueDance/RogueDance/Content/ART/Alex/DPSDarius/DPS/DPS_moveset/Move3SPIN/Chronologie_1_0000_Sprite.uasset" 212
"C:/Users/LPMJV/Documents/Courgits/RogueDance/RogueDance/Content/ART/Alex/DPSDarius/DPS/DPS_moveset/Move3SPIN/Chronologie_1_0000_Sprite.uexp" 213
"C:/Users/LPMJV/Documents/Courgits/RogueDance/RogueDance/Content/ART/Alex/DPSDarius/DPS/DPS_moveset/Move3SPIN/Chronologie_1_0001.uasset" 214
"C:/Users/LPMJV/Documents/Courgits/RogueDance/RogueDance/Content/ART/Alex/DPSDarius/DPS/DPS_moveset/Move3SPIN/Chronologie_1_0001.uexp" 215
"C:/Users/LPMJV/Documents/Courgits/RogueDance/RogueDance/Content/ART/Alex/DPSDarius/DPS/DPS_moveset/Move3SPIN/Chronologie_1_0001_Sprite.uasset" 216
"C:/Users/LPMJV/Documents/Courgits/RogueDance/RogueDance/Content/ART/Alex/DPSDarius/DPS/DPS_moveset/Move3SPIN/Chronologie_1_0001_Sprite.uexp" 217
"C:/Users/LPMJV/Documents/Courgits/RogueDance/RogueDance/Content/ART/Alex/DPSDarius/DPS/DPS_moveset/Move3SPIN/Chronologie_1_0003.uasset" 218
"C:/Users/LPMJV/Documents/Courgits/RogueDance/RogueDance/Content/ART/Alex/DPSDarius/DPS/DPS_moveset/Move3SPIN/Chronologie_1_0003.uexp" 219
"C:/Users/LPMJV/Documents/Courgits/RogueDance/RogueDance/Content/ART/Alex/DPSDarius/DPS/DPS_moveset/Move3SPIN/Chronologie_1_0003_Sprite.uasset" 220
"C:/Users/LPMJV/Documents/Courgits/RogueDance/RogueDance/Content/ART/Alex/DPSDarius/DPS/DPS_moveset/Move3SPIN/Chronologie_1_0003_Sprite.uexp" 221
"C:/Users/LPMJV/Documents/Courgits/RogueDance/RogueDance/Content/ART/Alex/DPSDarius/DPS/DPS_moveset/Move3SPIN/Chronologie_1_0002.uasset" 222
"C:/Users/LPMJV/Documents/Courgits/RogueDance/RogueDance/Content/ART/Alex/DPSDarius/DPS/DPS_moveset/Move3SPIN/Chronologie_1_0002.uexp" 223
"C:/Users/LPMJV/Documents/Courgits/RogueDance/RogueDance/Content/ART/Alex/DPSDarius/DPS/DPS_moveset/Move3SPIN/Chronologie_1_0002_Sprite.uasset" 224
"C:/Users/LPMJV/Documents/Courgits/RogueDance/RogueDance/Content/ART/Alex/DPSDarius/DPS/DPS_moveset/Move3SPIN/Chronologie_1_0002_Sprite.uexp" 225
"C:/Users/LPMJV/Documents/Courgits/RogueDance/RogueDance/Content/ART/Alex/DPSDarius/DPS/DPS_moveset/Move3SPIN/FB_Top3Dance.uasset" 226
"C:/Users/LPMJV/Documents/Courgits/RogueDance/RogueDance/Content/ART/Alex/DPSDarius/DPS/DPS_moveset/Move3SPIN/FB_Top3Dance.uexp" 227
"C:/Users/LPMJV/Documents/Courgits/RogueDance/RogueDance/Content/BLUEPRINT/DataAsset/DataAssetRessources/BP_Health.uasset" 228
"C:/Users/LPMJV/Documents/Courgits/RogueDance/RogueDance/Content/BLUEPRINT/DataAsset/DataAssetRessources/BP_Health.uexp" 229
"C:/Users/LPMJV/Documents/Courgits/RogueDance/RogueDance/Content/INPUT/InputActions/IA_ChangeULT.uasset" 230
"C:/Users/LPMJV/Documents/Courgits/RogueDance/RogueDance/Content/INPUT/InputActions/IA_ChangeULT.uexp" 231
"C:/Users/LPMJV/Documents/Courgits/RogueDance/RogueDance/Content/INPUT/InputActions/IA_Face_Bottom.uasset" 232
"C:/Users/LPMJV/Documents/Courgits/RogueDance/RogueDance/Content/INPUT/InputActions/IA_Face_Bottom.uexp" 233
"C:/Users/LPMJV/Documents/Courgits/RogueDance/RogueDance/Content/INPUT/InputActions/IA_Select_TANK.uasset" 234
"C:/Users/LPMJV/Documents/Courgits/RogueDance/RogueDance/Content/INPUT/InputActions/IA_Select_TANK.uexp" 235
"C:/Users/LPMJV/Documents/Courgits/RogueDance/RogueDance/Content/INPUT/InputActions/IA_Select_DJ.uasset" 236
"C:/Users/LPMJV/Documents/Courgits/RogueDance/RogueDance/Content/INPUT/InputActions/IA_Select_DJ.uexp" 237
"C:/Users/LPMJV/Documents/Courgits/RogueDance/RogueDance/Content/INPUT/InputActions/IA_Face_Top.uasset" 238
"C:/Users/LPMJV/Documents/Courgits/RogueDance/RogueDance/Content/INPUT/InputActions/IA_Face_Top.uexp" 239
"C:/Users/LPMJV/Documents/Courgits/RogueDance/RogueDance/Content/INPUT/InputActions/IA_Face_Right.uasset" 240
"C:/Users/LPMJV/Documents/Courgits/RogueDance/RogueDance/Content/INPUT/InputActions/IA_Face_Right.uexp" 241
"C:/Users/LPMJV/Documents/Courgits/RogueDance/RogueDance/Content/INPUT/InputActions/IA_pause.uasset" 242
"C:/Users/LPMJV/Documents/Courgits/RogueDance/RogueDance/Content/INPUT/InputActions/IA_pause.uexp" 243
"C:/Users/LPMJV/Documents/Courgits/RogueDance/RogueDance/Content/INPUT/InputActions/IA_Face_Left.uasset" 244
"C:/Users/LPMJV/Documents/Courgits/RogueDance/RogueDance/Content/INPUT/InputActions/IA_Face_Left.uexp" 245
"C:/Users/LPMJV/Documents/Courgits/RogueDance/RogueDance/Content/INPUT/MC_PlayerInput.uasset" 246
"C:/Users/LPMJV/Documents/Courgits/RogueDance/RogueDance/Content/INPUT/MC_PlayerInput.uexp" 247
"C:/Users/LPMJV/Documents/Courgits/RogueDance/RogueDance/Content/BLUEPRINT/BP_LevelCamExplo.uasset" 248
"C:/Users/LPMJV/Documents/Courgits/RogueDance/RogueDance/Content/BLUEPRINT/BP_LevelCamExplo.uexp" 249
"C:/Users/LPMJV/Documents/Courgits/RogueDance/RogueDance/Content/BLUEPRINT/BP_PlayerController_YASSER.uasset" 250
"C:/Users/LPMJV/Documents/Courgits/RogueDance/RogueDance/Content/BLUEPRINT/BP_PlayerController_YASSER.uexp" 251
"C:/Users/LPMJV/Documents/Courgits/RogueDance/RogueDance/Content/INPUT/InputActions/IA_Ability2.uasset" 252
"C:/Users/LPMJV/Documents/Courgits/RogueDance/RogueDance/Content/INPUT/InputActions/IA_Ability2.uexp" 253
"C:/Users/LPMJV/Documents/Courgits/RogueDance/RogueDance/Content/ART/Alex/DPSDarius/DPS/DPS_moveset/Power/Chronologie_1_0003.uasset" 254
"C:/Users/LPMJV/Documents/Courgits/RogueDance/RogueDance/Content/ART/Alex/DPSDarius/DPS/DPS_moveset/Power/Chronologie_1_0003.uexp" 255
"C:/Users/LPMJV/Documents/Courgits/RogueDance/RogueDance/Content/ART/Alex/DPSDarius/DPS/DPS_moveset/Power/Chronologie_1_0003_Sprite.uasset" 256
"C:/Users/LPMJV/Documents/Courgits/RogueDance/RogueDance/Content/ART/Alex/DPSDarius/DPS/DPS_moveset/Power/Chronologie_1_0003_Sprite.uexp" 257
"C:/Users/LPMJV/Documents/Courgits/RogueDance/RogueDance/Content/ART/Alex/DPSDarius/DPS/DPS_moveset/Power/Chronologie_1_0002.uasset" 258
"C:/Users/LPMJV/Documents/Courgits/RogueDance/RogueDance/Content/ART/Alex/DPSDarius/DPS/DPS_moveset/Power/Chronologie_1_0002.uexp" 259
"C:/Users/LPMJV/Documents/Courgits/RogueDance/RogueDance/Content/ART/Alex/DPSDarius/DPS/DPS_moveset/Power/Chronologie_1_0002_Sprite.uasset" 260
"C:/Users/LPMJV/Documents/Courgits/RogueDance/RogueDance/Content/ART/Alex/DPSDarius/DPS/DPS_moveset/Power/Chronologie_1_0002_Sprite.uexp" 261
"C:/Users/LPMJV/Documents/Courgits/RogueDance/RogueDance/Content/ART/Alex/DPSDarius/DPS/DPS_moveset/Power/Chronologie_1_0000.uasset" 262
"C:/Users/LPMJV/Documents/Courgits/RogueDance/RogueDance/Content/ART/Alex/DPSDarius/DPS/DPS_moveset/Power/Chronologie_1_0000.uexp" 263
"C:/Users/LPMJV/Documents/Courgits/RogueDance/RogueDance/Content/ART/Alex/DPSDarius/DPS/DPS_moveset/Power/Chronologie_1_0000_Sprite.uasset" 264
"C:/Users/LPMJV/Documents/Courgits/RogueDance/RogueDance/Content/ART/Alex/DPSDarius/DPS/DPS_moveset/Power/Chronologie_1_0000_Sprite.uexp" 265
"C:/Users/LPMJV/Documents/Courgits/RogueDance/RogueDance/Content/ART/Alex/DPSDarius/DPS/DPS_moveset/Power/Chronologie_1_0001.uasset" 266
"C:/Users/LPMJV/Documents/Courgits/RogueDance/RogueDance/Content/ART/Alex/DPSDarius/DPS/DPS_moveset/Power/Chronologie_1_0001.uexp" 267
"C:/Users/LPMJV/Documents/Courgits/RogueDance/RogueDance/Content/ART/Alex/DPSDarius/DPS/DPS_moveset/Power/Chronologie_1_0001_Sprite.uasset" 268
"C:/Users/LPMJV/Documents/Courgits/RogueDance/RogueDance/Content/ART/Alex/DPSDarius/DPS/DPS_moveset/Power/Chronologie_1_0001_Sprite.uexp" 269
"C:/Users/LPMJV/Documents/Courgits/RogueDance/RogueDance/Content/ART/Alex/DPSDarius/DPS/DPS_moveset/Power/FB_PowerMoves.uasset" 270
"C:/Users/LPMJV/Documents/Courgits/RogueDance/RogueDance/Content/ART/Alex/DPSDarius/DPS/DPS_moveset/Power/FB_PowerMoves.uexp" 271
"C:/Users/LPMJV/Documents/Courgits/RogueDance/RogueDance/Content/ART/Darius/Jet_Celi/E_ComboCross.uasset" 272
"C:/Users/LPMJV/Documents/Courgits/RogueDance/RogueDance/Content/ART/Darius/Jet_Celi/E_ComboCross.uexp" 273
"C:/Users/LPMJV/Documents/Courgits/RogueDance/RogueDance/Content/BLUEPRINT/DataAsset/E_GameMode.uasset" 274
"C:/Users/LPMJV/Documents/Courgits/RogueDance/RogueDance/Content/BLUEPRINT/DataAsset/E_GameMode.uexp" 275
"C:/Users/LPMJV/Documents/Courgits/RogueDance/RogueDance/Content/INPUT/InputActions/IA_Controls_YBAX.uasset" 276
"C:/Users/LPMJV/Documents/Courgits/RogueDance/RogueDance/Content/INPUT/InputActions/IA_Controls_YBAX.uexp" 277
"C:/Users/LPMJV/Documents/Courgits/RogueDance/RogueDance/Content/BLUEPRINT/AnimationBluePrint/Player/Celi/AS_CeliCombo.uasset" 278
"C:/Users/LPMJV/Documents/Courgits/RogueDance/RogueDance/Content/BLUEPRINT/AnimationBluePrint/Player/Celi/AS_CeliCombo.uexp" 279
"C:/Users/LPMJV/Documents/Courgits/RogueDance/RogueDance/Content/ART/Darius/Jet_Celi/ComboCROSS/ChronologieL_1_0001.uasset" 280
"C:/Users/LPMJV/Documents/Courgits/RogueDance/RogueDance/Content/ART/Darius/Jet_Celi/ComboCROSS/ChronologieL_1_0001.uexp" 281
"C:/Users/LPMJV/Documents/Courgits/RogueDance/RogueDance/Content/ART/Darius/Jet_Celi/ComboCROSS/ChronologieL_1_0001_Sprite.uasset" 282
"C:/Users/LPMJV/Documents/Courgits/RogueDance/RogueDance/Content/ART/Darius/Jet_Celi/ComboCROSS/ChronologieL_1_0001_Sprite.uexp" 283
"C:/Users/LPMJV/Documents/Courgits/RogueDance/RogueDance/Content/ART/Darius/Jet_Celi/ComboCROSS/ChronologieL_1_0002.uasset" 284
"C:/Users/LPMJV/Documents/Courgits/RogueDance/RogueDance/Content/ART/Darius/Jet_Celi/ComboCROSS/ChronologieL_1_0002.uexp" 285
"C:/Users/LPMJV/Documents/Courgits/RogueDance/RogueDance/Content/ART/Darius/Jet_Celi/ComboCROSS/ChronologieL_1_0002_Sprite.uasset" 286
"C:/Users/LPMJV/Documents/Courgits/RogueDance/RogueDance/Content/ART/Darius/Jet_Celi/ComboCROSS/ChronologieL_1_0002_Sprite.uexp" 287
"C:/Users/LPMJV/Documents/Courgits/RogueDance/RogueDance/Content/ART/Darius/Jet_Celi/ComboCROSS/ChronologieL_1_0000.uasset" 288
"C:/Users/LPMJV/Documents/Courgits/RogueDance/RogueDance/Content/ART/Darius/Jet_Celi/ComboCROSS/ChronologieL_1_0000.uexp" 289
"C:/Users/LPMJV/Documents/Courgits/RogueDance/RogueDance/Content/ART/Darius/Jet_Celi/ComboCROSS/ChronologieL_1_0000_Sprite.uasset" 290
"C:/Users/LPMJV/Documents/Courgits/RogueDance/RogueDance/Content/ART/Darius/Jet_Celi/ComboCROSS/ChronologieL_1_0000_Sprite.uexp" 291
"C:/Users/LPMJV/Documents/Courgits/RogueDance/RogueDance/Content/ART/Darius/Jet_Celi/ANIME_Celi_crossCombo4.uasset" 292
"C:/Users/LPMJV/Documents/Courgits/RogueDance/RogueDance/Content/ART/Darius/Jet_Celi/ANIME_Celi_crossCombo4.uexp" 293
"C:/Users/LPMJV/Documents/Courgits/RogueDance/RogueDance/Content/BLUEPRINT/AnimationBluePrint/Player/Celi/AnimSequences/CrossCombo4.uasset" 294
"C:/Users/LPMJV/Documents/Courgits/RogueDance/RogueDance/Content/BLUEPRINT/AnimationBluePrint/Player/Celi/AnimSequences/CrossCombo4.uexp" 295
"C:/Users/LPMJV/Documents/Courgits/RogueDance/RogueDance/Content/ART/Darius/Jet_Celi/ComboCROSS/ChronologieL_1_0003.uasset" 296
"C:/Users/LPMJV/Documents/Courgits/RogueDance/RogueDance/Content/ART/Darius/Jet_Celi/ComboCROSS/ChronologieL_1_0003.uexp" 297
"C:/Users/LPMJV/Documents/Courgits/RogueDance/RogueDance/Content/ART/Darius/Jet_Celi/ComboCROSS/ChronologieL_1_0003_Sprite.uasset" 298
"C:/Users/LPMJV/Documents/Courgits/RogueDance/RogueDance/Content/ART/Darius/Jet_Celi/ComboCROSS/ChronologieL_1_0003_Sprite.uexp" 299
"C:/Users/LPMJV/Documents/Courgits/RogueDance/RogueDance/Content/ART/Darius/Jet_Celi/ComboCROSS/ChronologieL_1_0005.uasset" 300
"C:/Users/LPMJV/Documents/Courgits/RogueDance/RogueDance/Content/ART/Darius/Jet_Celi/ComboCROSS/ChronologieL_1_0005.uexp" 301
"C:/Users/LPMJV/Documents/Courgits/RogueDance/RogueDance/Content/ART/Darius/Jet_Celi/ComboCROSS/ChronologieL_1_0005_Sprite.uasset" 302
"C:/Users/LPMJV/Documents/Courgits/RogueDance/RogueDance/Content/ART/Darius/Jet_Celi/ComboCROSS/ChronologieL_1_0005_Sprite.uexp" 303
"C:/Users/LPMJV/Documents/Courgits/RogueDance/RogueDance/Content/ART/Darius/Jet_Celi/ComboCROSS/ChronologieL_1_0006.uasset" 304
"C:/Users/LPMJV/Documents/Courgits/RogueDance/RogueDance/Content/ART/Darius/Jet_Celi/ComboCROSS/ChronologieL_1_0006.uexp" 305
"C:/Users/LPMJV/Documents/Courgits/RogueDance/RogueDance/Content/ART/Darius/Jet_Celi/ComboCROSS/ChronologieL_1_0006_Sprite.uasset" 306
"C:/Users/LPMJV/Documents/Courgits/RogueDance/RogueDance/Content/ART/Darius/Jet_Celi/ComboCROSS/ChronologieL_1_0006_Sprite.uexp" 307
"C:/Users/LPMJV/Documents/Courgits/RogueDance/RogueDance/Content/ART/Darius/Jet_Celi/ComboCROSS/ChronologieL_1_0004.uasset" 308
"C:/Users/LPMJV/Documents/Courgits/RogueDance/RogueDance/Content/ART/Darius/Jet_Celi/ComboCROSS/ChronologieL_1_0004.uexp" 309
"C:/Users/LPMJV/Documents/Courgits/RogueDance/RogueDance/Content/ART/Darius/Jet_Celi/ComboCROSS/ChronologieL_1_0004_Sprite.uasset" 310
"C:/Users/LPMJV/Documents/Courgits/RogueDance/RogueDance/Content/ART/Darius/Jet_Celi/ComboCROSS/ChronologieL_1_0004_Sprite.uexp" 311
"C:/Users/LPMJV/Documents/Courgits/RogueDance/RogueDance/Content/ART/Darius/Jet_Celi/ANIME_Celi_crossCombo5.uasset" 312
"C:/Users/LPMJV/Documents/Courgits/RogueDance/RogueDance/Content/ART/Darius/Jet_Celi/ANIME_Celi_crossCombo5.uexp" 313
"C:/Users/LPMJV/Documents/Courgits/RogueDance/RogueDance/Content/BLUEPRINT/AnimationBluePrint/Player/Celi/AnimSequences/CrossCombo5.uasset" 314
"C:/Users/LPMJV/Documents/Courgits/RogueDance/RogueDance/Content/BLUEPRINT/AnimationBluePrint/Player/Celi/AnimSequences/CrossCombo5.uexp" 315
"C:/Users/LPMJV/Documents/Courgits/RogueDance/RogueDance/Content/BLUEPRINT/AnimationBluePrint/Player/Celi/AnimSequences/Idle.uasset" 316
"C:/Users/LPMJV/Documents/Courgits/RogueDance/RogueDance/Content/BLUEPRINT/AnimationBluePrint/Player/Celi/AnimSequences/Idle.uexp" 317
"C:/Users/LPMJV/Documents/Courgits/RogueDance/RogueDance/Content/BLUEPRINT/AnimationBluePrint/Player/Celi/AnimSequences/CrossCombo1.uasset" 318
"C:/Users/LPMJV/Documents/Courgits/RogueDance/RogueDance/Content/BLUEPRINT/AnimationBluePrint/Player/Celi/AnimSequences/CrossCombo1.uexp" 319
"C:/Users/LPMJV/Documents/Courgits/RogueDance/RogueDance/Content/BLUEPRINT/AnimationBluePrint/Player/Celi/AnimSequences/Walk.uasset" 320
"C:/Users/LPMJV/Documents/Courgits/RogueDance/RogueDance/Content/BLUEPRINT/AnimationBluePrint/Player/Celi/AnimSequences/Walk.uexp" 321
"C:/Users/LPMJV/Documents/Courgits/RogueDance/RogueDance/Content/BLUEPRINT/AnimationBluePrint/Player/Celi/AnimSequences/CrossCombo2.uasset" 322
"C:/Users/LPMJV/Documents/Courgits/RogueDance/RogueDance/Content/BLUEPRINT/AnimationBluePrint/Player/Celi/AnimSequences/CrossCombo2.uexp" 323
"C:/Users/LPMJV/Documents/Courgits/RogueDance/RogueDance/Content/ART/Darius/Jet_Celi/ANIME_Celi_crossCombo3.uasset" 324
"C:/Users/LPMJV/Documents/Courgits/RogueDance/RogueDance/Content/ART/Darius/Jet_Celi/ANIME_Celi_crossCombo3.uexp" 325
"C:/Users/LPMJV/Documents/Courgits/RogueDance/RogueDance/Content/BLUEPRINT/AnimationBluePrint/Player/Celi/AnimSequences/CrossCombo3.uasset" 326
"C:/Users/LPMJV/Documents/Courgits/RogueDance/RogueDance/Content/BLUEPRINT/AnimationBluePrint/Player/Celi/AnimSequences/CrossCombo3.uexp" 327
"C:/Users/LPMJV/Documents/Courgits/RogueDance/RogueDance/Content/ART/Darius/Jet_Celi/ComboCROSS/ChronologieL_1_0007.uasset" 328
"C:/Users/LPMJV/Documents/Courgits/RogueDance/RogueDance/Content/ART/Darius/Jet_Celi/ComboCROSS/ChronologieL_1_0007.uexp" 329
"C:/Users/LPMJV/Documents/Courgits/RogueDance/RogueDance/Content/ART/Darius/Jet_Celi/ComboCROSS/ChronologieL_1_0007_Sprite.uasset" 330
"C:/Users/LPMJV/Documents/Courgits/RogueDance/RogueDance/Content/ART/Darius/Jet_Celi/ComboCROSS/ChronologieL_1_0007_Sprite.uexp" 331
"C:/Users/LPMJV/Documents/Courgits/RogueDance/RogueDance/Content/ART/Darius/Jet_Celi/ComboCROSS/ChronologieL_1_0008.uasset" 332
"C:/Users/LPMJV/Documents/Courgits/RogueDance/RogueDance/Content/ART/Darius/Jet_Celi/ComboCROSS/ChronologieL_1_0008.uexp" 333
"C:/Users/LPMJV/Documents/Courgits/RogueDance/RogueDance/Content/ART/Darius/Jet_Celi/ComboCROSS/ChronologieL_1_0008_Sprite.uasset" 334
"C:/Users/LPMJV/Documents/Courgits/RogueDance/RogueDance/Content/ART/Darius/Jet_Celi/ComboCROSS/ChronologieL_1_0008_Sprite.uexp" 335
"C:/Users/LPMJV/Documents/Courgits/RogueDance/RogueDance/Content/ART/Darius/Jet_Celi/ANIME_Celi_crossCombo6.uasset" 336
"C:/Users/LPMJV/Documents/Courgits/RogueDance/RogueDance/Content/ART/Darius/Jet_Celi/ANIME_Celi_crossCombo6.uexp" 337
"C:/Users/LPMJV/Documents/Courgits/RogueDance/RogueDance/Content/BLUEPRINT/AnimationBluePrint/Player/Celi/AnimSequences/CrossCombo6.uasset" 338
"C:/Users/LPMJV/Documents/Courgits/RogueDance/RogueDance/Content/BLUEPRINT/AnimationBluePrint/Player/Celi/AnimSequences/CrossCombo6.uexp" 339
"C:/Users/LPMJV/Documents/Courgits/RogueDance/RogueDance/Content/BLUEPRINT/AnimationBluePrint/Player/Celi/ABP_CeliCombo.uasset" 340
"C:/Users/LPMJV/Documents/Courgits/RogueDance/RogueDance/Content/BLUEPRINT/AnimationBluePrint/Player/Celi/ABP_CeliCombo.uexp" 341
"../../../Engine/Content/BasicShapes/BasicShapeMaterial.uasset" 342
"../../../Engine/Content/BasicShapes/BasicShapeMaterial.uexp" 343
"C:/Users/LPMJV/Documents/Courgits/RogueDance/RogueDance/Content/BLUEPRINT/DataAsset/DataAssetsGameplayElements/BPD_BattlePhase.uasset" 344
"C:/Users/LPMJV/Documents/Courgits/RogueDance/RogueDance/Content/BLUEPRINT/DataAsset/DataAssetsGameplayElements/BPD_BattlePhase.uexp" 345
"C:/Users/LPMJV/Documents/Courgits/RogueDance/RogueDance/Content/BLUEPRINT/DataAsset/DataAssetsGameplayElements/DA_BattlePhase.uasset" 346
"C:/Users/LPMJV/Documents/Courgits/RogueDance/RogueDance/Content/BLUEPRINT/DataAsset/DataAssetsGameplayElements/DA_BattlePhase.uexp" 347
"C:/Users/LPMJV/Documents/Courgits/RogueDance/RogueDance/Content/ART/Alex/DPSDarius/DPS/DPS_moveset/Prepapower/Chronologie_1_0000.uasset" 348
"C:/Users/LPMJV/Documents/Courgits/RogueDance/RogueDance/Content/ART/Alex/DPSDarius/DPS/DPS_moveset/Prepapower/Chronologie_1_0000.uexp" 349
"C:/Users/LPMJV/Documents/Courgits/RogueDance/RogueDance/Content/ART/Alex/DPSDarius/DPS/DPS_moveset/Prepapower/Chronologie_1_0000_Sprite.uasset" 350
"C:/Users/LPMJV/Documents/Courgits/RogueDance/RogueDance/Content/ART/Alex/DPSDarius/DPS/DPS_moveset/Prepapower/Chronologie_1_0000_Sprite.uexp" 351
"C:/Users/LPMJV/Documents/Courgits/RogueDance/RogueDance/Content/ART/Alex/DPSDarius/DPS/DPS_moveset/Prepapower/Chronologie_1_0003.uasset" 352
"C:/Users/LPMJV/Documents/Courgits/RogueDance/RogueDance/Content/ART/Alex/DPSDarius/DPS/DPS_moveset/Prepapower/Chronologie_1_0003.uexp" 353
"C:/Users/LPMJV/Documents/Courgits/RogueDance/RogueDance/Content/ART/Alex/DPSDarius/DPS/DPS_moveset/Prepapower/Chronologie_1_0003_Sprite.uasset" 354
"C:/Users/LPMJV/Documents/Courgits/RogueDance/RogueDance/Content/ART/Alex/DPSDarius/DPS/DPS_moveset/Prepapower/Chronologie_1_0003_Sprite.uexp" 355
"C:/Users/LPMJV/Documents/Courgits/RogueDance/RogueDance/Content/ART/Alex/DPSDarius/DPS/DPS_moveset/Prepapower/Chronologie_1_0001.uasset" 356
"C:/Users/LPMJV/Documents/Courgits/RogueDance/RogueDance/Content/ART/Alex/DPSDarius/DPS/DPS_moveset/Prepapower/Chronologie_1_0001.uexp" 357
"C:/Users/LPMJV/Documents/Courgits/RogueDance/RogueDance/Content/ART/Alex/DPSDarius/DPS/DPS_moveset/Prepapower/Chronologie_1_0001_Sprite.uasset" 358
"C:/Users/LPMJV/Documents/Courgits/RogueDance/RogueDance/Content/ART/Alex/DPSDarius/DPS/DPS_moveset/Prepapower/Chronologie_1_0001_Sprite.uexp" 359
"C:/Users/LPMJV/Documents/Courgits/RogueDance/RogueDance/Content/ART/Alex/DPSDarius/DPS/DPS_moveset/Prepapower/Chronologie_1_0002.uasset" 360
"C:/Users/LPMJV/Documents/Courgits/RogueDance/RogueDance/Content/ART/Alex/DPSDarius/DPS/DPS_moveset/Prepapower/Chronologie_1_0002.uexp" 361
"C:/Users/LPMJV/Documents/Courgits/RogueDance/RogueDance/Content/ART/Alex/DPSDarius/DPS/DPS_moveset/Prepapower/Chronologie_1_0002_Sprite.uasset" 362
"C:/Users/LPMJV/Documents/Courgits/RogueDance/RogueDance/Content/ART/Alex/DPSDarius/DPS/DPS_moveset/Prepapower/Chronologie_1_0002_Sprite.uexp" 363
"C:/Users/LPMJV/Documents/Courgits/RogueDance/RogueDance/Content/ART/Alex/DPSDarius/DPS/DPS_moveset/Prepapower/FB_PowerPrep.uasset" 364
"C:/Users/LPMJV/Documents/Courgits/RogueDance/RogueDance/Content/ART/Alex/DPSDarius/DPS/DPS_moveset/Prepapower/FB_PowerPrep.uexp" 365
"C:/Users/LPMJV/Documents/Courgits/RogueDance/RogueDance/Content/ART/Alex/VFXTEST/Dragonbreath/Breath/_0004_Layer-5.uasset" 366
"C:/Users/LPMJV/Documents/Courgits/RogueDance/RogueDance/Content/ART/Alex/VFXTEST/Dragonbreath/Breath/_0004_Layer-5.uexp" 367
"C:/Users/LPMJV/Documents/Courgits/RogueDance/RogueDance/Content/ART/Alex/VFXTEST/Dragonbreath/Breath/_0004_Layer-5_Sprite.uasset" 368
"C:/Users/LPMJV/Documents/Courgits/RogueDance/RogueDance/Content/ART/Alex/VFXTEST/Dragonbreath/Breath/_0004_Layer-5_Sprite.uexp" 369
"C:/Users/LPMJV/Documents/Courgits/RogueDance/RogueDance/Content/ART/Alex/VFXTEST/Dragonbreath/Breath/_0006_Layer-7.uasset" 370
"C:/Users/LPMJV/Documents/Courgits/RogueDance/RogueDance/Content/ART/Alex/VFXTEST/Dragonbreath/Breath/_0006_Layer-7.uexp" 371
"C:/Users/LPMJV/Documents/Courgits/RogueDance/RogueDance/Content/ART/Alex/VFXTEST/Dragonbreath/Breath/_0006_Layer-7_Sprite.uasset" 372
"C:/Users/LPMJV/Documents/Courgits/RogueDance/RogueDance/Content/ART/Alex/VFXTEST/Dragonbreath/Breath/_0006_Layer-7_Sprite.uexp" 373
"C:/Users/LPMJV/Documents/Courgits/RogueDance/RogueDance/Content/ART/Alex/VFXTEST/Dragonbreath/Breath/_0005_Layer-6.uasset" 374
"C:/Users/LPMJV/Documents/Courgits/RogueDance/RogueDance/Content/ART/Alex/VFXTEST/Dragonbreath/Breath/_0005_Layer-6.uexp" 375
"C:/Users/LPMJV/Documents/Courgits/RogueDance/RogueDance/Content/ART/Alex/VFXTEST/Dragonbreath/Breath/_0005_Layer-6_Sprite.uasset" 376
"C:/Users/LPMJV/Documents/Courgits/RogueDance/RogueDance/Content/ART/Alex/VFXTEST/Dragonbreath/Breath/_0005_Layer-6_Sprite.uexp" 377
"C:/Users/LPMJV/Documents/Courgits/RogueDance/RogueDance/Content/ART/Alex/VFXTEST/Dragonbreath/FB_DragonBreath_Loop.uasset" 378
"C:/Users/LPMJV/Documents/Courgits/RogueDance/RogueDance/Content/ART/Alex/VFXTEST/Dragonbreath/FB_DragonBreath_Loop.uexp" 379
"../../../Engine/Plugins/2D/Paper2D/Content/MaskedLitSpriteMaterial.uasset" 380
"../../../Engine/Plugins/2D/Paper2D/Content/MaskedLitSpriteMaterial.uexp" 381
"C:/Users/LPMJV/Documents/Courgits/RogueDance/RogueDance/Content/ART/Alex/DPSDarius/DPS/DPS_moveset/Collectif/Chronologie_1_0000.uasset" 382
"C:/Users/LPMJV/Documents/Courgits/RogueDance/RogueDance/Content/ART/Alex/DPSDarius/DPS/DPS_moveset/Collectif/Chronologie_1_0000.uexp" 383
"C:/Users/LPMJV/Documents/Courgits/RogueDance/RogueDance/Content/ART/Alex/DPSDarius/DPS/DPS_moveset/Collectif/Chronologie_1_0000_Sprite.uasset" 384
"C:/Users/LPMJV/Documents/Courgits/RogueDance/RogueDance/Content/ART/Alex/DPSDarius/DPS/DPS_moveset/Collectif/Chronologie_1_0000_Sprite.uexp" 385
"C:/Users/LPMJV/Documents/Courgits/RogueDance/RogueDance/Content/ART/Alex/DPSDarius/DPS/DPS_moveset/Collectif/Chronologie_1_0001.uasset" 386
"C:/Users/LPMJV/Documents/Courgits/RogueDance/RogueDance/Content/ART/Alex/DPSDarius/DPS/DPS_moveset/Collectif/Chronologie_1_0001.uexp" 387
"C:/Users/LPMJV/Documents/Courgits/RogueDance/RogueDance/Content/ART/Alex/DPSDarius/DPS/DPS_moveset/Collectif/Chronologie_1_0001_Sprite.uasset" 388
"C:/Users/LPMJV/Documents/Courgits/RogueDance/RogueDance/Content/ART/Alex/DPSDarius/DPS/DPS_moveset/Collectif/Chronologie_1_0001_Sprite.uexp" 389
"C:/Users/LPMJV/Documents/Courgits/RogueDance/RogueDance/Content/ART/Alex/DPSDarius/DPS/DPS_moveset/Collectif/Chronologie_1_0002.uasset" 390
"C:/Users/LPMJV/Documents/Courgits/RogueDance/RogueDance/Content/ART/Alex/DPSDarius/DPS/DPS_moveset/Collectif/Chronologie_1_0002.uexp" 391
"C:/Users/LPMJV/Documents/Courgits/RogueDance/RogueDance/Content/ART/Alex/DPSDarius/DPS/DPS_moveset/Collectif/Chronologie_1_0002_Sprite.uasset" 392
"C:/Users/LPMJV/Documents/Courgits/RogueDance/RogueDance/Content/ART/Alex/DPSDarius/DPS/DPS_moveset/Collectif/Chronologie_1_0002_Sprite.uexp" 393
"C:/Users/LPMJV/Documents/Courgits/RogueDance/RogueDance/Content/ART/Alex/DPSDarius/DPS/DPS_moveset/Collectif/Chronologie_1_0003.uasset" 394
"C:/Users/LPMJV/Documents/Courgits/RogueDance/RogueDance/Content/ART/Alex/DPSDarius/DPS/DPS_moveset/Collectif/Chronologie_1_0003.uexp" 395
"C:/Users/LPMJV/Documents/Courgits/RogueDance/RogueDance/Content/ART/Alex/DPSDarius/DPS/DPS_moveset/Collectif/Chronologie_1_0003_Sprite.uasset" 396
"C:/Users/LPMJV/Documents/Courgits/RogueDance/RogueDance/Content/ART/Alex/DPSDarius/DPS/DPS_moveset/Collectif/Chronologie_1_0003_Sprite.uexp" 397
"C:/Users/LPMJV/Documents/Courgits/RogueDance/RogueDance/Content/ART/Alex/DPSDarius/DPS/DPS_moveset/FB_Coll.uasset" 398
"C:/Users/LPMJV/Documents/Courgits/RogueDance/RogueDance/Content/ART/Alex/DPSDarius/DPS/DPS_moveset/FB_Coll.uexp" 399
"C:/Users/LPMJV/Documents/Courgits/RogueDance/RogueDance/Content/ART/Alex/CharacterTest2D/AnimationStateDPS.uasset" 400
"C:/Users/LPMJV/Documents/Courgits/RogueDance/RogueDance/Content/ART/Alex/CharacterTest2D/AnimationStateDPS.uexp" 401
"C:/Users/LPMJV/Documents/Courgits/RogueDance/RogueDance/Content/BLUEPRINT/DataAsset/DataAssetsUI/Bp_Active_abilities.uasset" 402
"C:/Users/LPMJV/Documents/Courgits/RogueDance/RogueDance/Content/BLUEPRINT/DataAsset/DataAssetsUI/Bp_Active_abilities.uexp" 403
"C:/Users/LPMJV/Documents/Courgits/RogueDance/RogueDance/Content/BLUEPRINT/DataAsset/DataAssetsUI/DA_active_abilities.uasset" 404
"C:/Users/LPMJV/Documents/Courgits/RogueDance/RogueDance/Content/BLUEPRINT/DataAsset/DataAssetsUI/DA_active_abilities.uexp" 405
"C:/Users/LPMJV/Documents/Courgits/RogueDance/RogueDance/Content/ART/Yasser/UI/Elements/stamina_vide200.uasset" 406
"C:/Users/LPMJV/Documents/Courgits/RogueDance/RogueDance/Content/ART/Yasser/UI/Elements/stamina_vide200.uexp" 407
"C:/Users/LPMJV/Documents/Courgits/RogueDance/RogueDance/Content/ART/Yasser/UI/SpriteGraffiti-Shadow.uexp" 408
"C:/Users/LPMJV/Documents/Courgits/RogueDance/RogueDance/Content/ART/Yasser/UI/SpriteGraffiti-Shadow.uasset" 409
"C:/Users/LPMJV/Documents/Courgits/RogueDance/RogueDance/Content/ART/Yasser/UI/SpriteGraffiti-Shadow.ufont" 410
"C:/Users/LPMJV/Documents/Courgits/RogueDance/RogueDance/Content/ART/Yasser/UI/SpriteGraffiti-Shadow_Font.uasset" 411
"C:/Users/LPMJV/Documents/Courgits/RogueDance/RogueDance/Content/ART/Yasser/UI/SpriteGraffiti-Shadow_Font.uexp" 412
"C:/Users/LPMJV/Documents/Courgits/RogueDance/RogueDance/Content/ART/Yasser/UI/Elements/stamina_plein200.uasset" 413
"C:/Users/LPMJV/Documents/Courgits/RogueDance/RogueDance/Content/ART/Yasser/UI/Elements/stamina_plein200.uexp" 414
"C:/Users/LPMJV/Documents/Courgits/RogueDance/RogueDance/Content/BLUEPRINT/Yasser_UI/Widgets_BP/In_Game/UI_Staminabars.uasset" 415
"C:/Users/LPMJV/Documents/Courgits/RogueDance/RogueDance/Content/BLUEPRINT/Yasser_UI/Widgets_BP/In_Game/UI_Staminabars.uexp" 416
"C:/Users/LPMJV/Documents/Courgits/RogueDance/RogueDance/Content/BLUEPRINT/BP_Character.uasset" 417
"C:/Users/LPMJV/Documents/Courgits/RogueDance/RogueDance/Content/BLUEPRINT/BP_Character.uexp" 418
"C:/Users/LPMJV/Documents/Courgits/RogueDance/RogueDance/Content/BLUEPRINT/BP_LevelCamCombat.uasset" 419
"C:/Users/LPMJV/Documents/Courgits/RogueDance/RogueDance/Content/BLUEPRINT/BP_LevelCamCombat.uexp" 420
"C:/Users/LPMJV/Documents/Courgits/RogueDance/RogueDance/Content/BLUEPRINT/BP_PlayerController.uasset" 421
"C:/Users/LPMJV/Documents/Courgits/RogueDance/RogueDance/Content/BLUEPRINT/BP_PlayerController.uexp" 422
"C:/Users/LPMJV/Documents/Courgits/RogueDance/RogueDance/Content/BLUEPRINT/BP_Charactertestcamera.uasset" 423
"C:/Users/LPMJV/Documents/Courgits/RogueDance/RogueDance/Content/BLUEPRINT/BP_Charactertestcamera.uexp" 424
"C:/Users/LPMJV/Documents/Courgits/RogueDance/RogueDance/Content/INPUT/InputActions/IA_SelectDJ.uasset" 425
"C:/Users/LPMJV/Documents/Courgits/RogueDance/RogueDance/Content/INPUT/InputActions/IA_SelectDJ.uexp" 426
"C:/Users/LPMJV/Documents/Courgits/RogueDance/RogueDance/Content/INPUT/InputActions/IA_SelectDanseur2.uasset" 427
"C:/Users/LPMJV/Documents/Courgits/RogueDance/RogueDance/Content/INPUT/InputActions/IA_SelectDanseur2.uexp" 428
"C:/Users/LPMJV/Documents/Courgits/RogueDance/RogueDance/Content/INPUT/MC_PlayerInputAlexCombat.uasset" 429
"C:/Users/LPMJV/Documents/Courgits/RogueDance/RogueDance/Content/INPUT/MC_PlayerInputAlexCombat.uexp" 430
"C:/Users/LPMJV/Documents/Courgits/RogueDance/RogueDance/Content/BLUEPRINT/BP_PlayerControllerAlex.uasset" 431
"C:/Users/LPMJV/Documents/Courgits/RogueDance/RogueDance/Content/BLUEPRINT/BP_PlayerControllerAlex.uexp" 432
"C:/Users/LPMJV/Documents/Courgits/RogueDance/RogueDance/Content/BLUEPRINT/BP_GameModeRD.uasset" 433
"C:/Users/LPMJV/Documents/Courgits/RogueDance/RogueDance/Content/BLUEPRINT/BP_GameModeRD.uexp" 434
"../../../Engine/Plugins/Runtime/AudioWidgets/Content/Resources/ScrubHandleDown_Clamped.uasset" 435
"../../../Engine/Plugins/Runtime/AudioWidgets/Content/Resources/ScrubHandleDown_Clamped.uexp" 436
"../../../Engine/Content/EngineResources/GradientTexture0.uasset" 437
"../../../Engine/Content/EngineResources/GradientTexture0.uexp" 438
"../../../Engine/Content/EngineResources/DefaultTexture.ubulk" 439
"../../../Engine/Content/EngineResources/DefaultTexture.uasset" 440
"../../../Engine/Content/EngineResources/DefaultTexture.uexp" 441
"../../../Engine/Content/EngineResources/Black.uasset" 442
"../../../Engine/Content/EngineResources/Black.uexp" 443
"../../../Engine/Content/EngineResources/FilmGrains/Marcie_Grain_v3_128_M2_000.uasset" 444
"../../../Engine/Content/EngineResources/FilmGrains/Marcie_Grain_v3_128_M2_000.uexp" 445
"../../../Engine/Content/EngineMaterials/PreintegratedSkinBRDF.uasset" 446
"../../../Engine/Content/EngineMaterials/PreintegratedSkinBRDF.uexp" 447
"../../../Engine/Content/EngineMaterials/MiniFont.uasset" 448
"../../../Engine/Content/EngineMaterials/MiniFont.uexp" 449
"../../../Engine/Content/EngineMaterials/FastBlueNoise_vec2_128x128x64.uasset" 450
"../../../Engine/Content/EngineMaterials/FastBlueNoise_vec2_128x128x64.uexp" 451
"../../../Engine/Content/EngineMaterials/FastBlueNoise_scalar_128x128x64.uasset" 452
"../../../Engine/Content/EngineMaterials/FastBlueNoise_scalar_128x128x64.uexp" 453
"../../../Engine/Content/EngineMaterials/DefaultWhiteGrid.ubulk" 454
"../../../Engine/Content/EngineMaterials/DefaultWhiteGrid.uasset" 455
"../../../Engine/Content/EngineMaterials/DefaultWhiteGrid.uexp" 456
"../../../Engine/Content/EngineMaterials/DefaultBokeh.uasset" 457
"../../../Engine/Content/EngineMaterials/DefaultBokeh.uexp" 458
"../../../Engine/Content/EngineMaterials/DefaultBloomKernel.uasset" 459
"../../../Engine/Content/EngineMaterials/DefaultBloomKernel.uexp" 460
"../../../Engine/Content/EngineMaterials/LTC/Sheen_LTC.uasset" 461
"../../../Engine/Content/EngineMaterials/LTC/Sheen_LTC.uexp" 462
"../../../Engine/Content/EngineMaterials/LTC/GGX_LTCMat.uasset" 463
"../../../Engine/Content/EngineMaterials/LTC/GGX_LTCMat.uexp" 464
"../../../Engine/Content/EngineMaterials/LTC/GGX_LTCAmp.uasset" 465
"../../../Engine/Content/EngineMaterials/LTC/GGX_LTCAmp.uexp" 466
"../../../Engine/Content/EngineMaterials/EnergyConservation/Sheen_Energy.uasset" 467
"../../../Engine/Content/EngineMaterials/EnergyConservation/Sheen_Energy.uexp" 468
"../../../Engine/Content/EngineMaterials/EnergyConservation/SheenLegacy_Energy.uasset" 469
"../../../Engine/Content/EngineMaterials/EnergyConservation/SheenLegacy_Energy.uexp" 470
"../../../Engine/Content/EngineMaterials/EnergyConservation/GGX_TransmissionEnergyArray.uasset" 471
"../../../Engine/Content/EngineMaterials/EnergyConservation/GGX_TransmissionEnergyArray.uexp" 472
"../../../Engine/Content/EngineMaterials/EnergyConservation/GGX_ReflectionEnergy.uasset" 473
"../../../Engine/Content/EngineMaterials/EnergyConservation/GGX_ReflectionEnergy.uexp" 474
"../../../Engine/Content/EngineMaterials/EnergyConservation/Diffuse_Energy.uasset" 475
"../../../Engine/Content/EngineMaterials/EnergyConservation/Diffuse_Energy.uexp" 476
"../../../Engine/Content/EngineDamageTypes/DmgTypeBP_Environmental.uasset" 477
"../../../Engine/Content/EngineDamageTypes/DmgTypeBP_Environmental.uexp" 478
"../../../Engine/Content/EditorResources/S_TriggerSphere.uasset" 479
"../../../Engine/Content/EditorResources/S_TriggerSphere.uexp" 480
"../../../Engine/Content/EditorResources/S_TriggerCapsule.uasset" 481
"../../../Engine/Content/EditorResources/S_TriggerCapsule.uexp" 482
"../../../Engine/Content/EditorResources/S_TriggerBox.uasset" 483
"../../../Engine/Content/EditorResources/S_TriggerBox.uexp" 484
"../../../Engine/Content/EditorResources/S_Trigger.ubulk" 485
"../../../Engine/Content/EditorResources/S_Trigger.uasset" 486
"../../../Engine/Content/EditorResources/S_Trigger.uexp" 487
"../../../Engine/Content/EditorResources/S_Terrain.ubulk" 488
"../../../Engine/Content/EditorResources/S_Terrain.uasset" 489
"../../../Engine/Content/EditorResources/S_Terrain.uexp" 490
"../../../Engine/Content/EditorResources/S_Solver.ubulk" 491
"../../../Engine/Content/EditorResources/S_Solver.uasset" 492
"../../../Engine/Content/EditorResources/S_Solver.uexp" 493
"../../../Engine/Content/EditorResources/S_BoxReflectionCapture.uasset" 494
"../../../Engine/Content/EditorResources/S_BoxReflectionCapture.uexp" 495
"../../../Engine/Content/EditorResources/EmptyActor.uasset" 496
"../../../Engine/Content/EditorResources/EmptyActor.uexp" 497
"../../../Engine/Content/EditorResources/BSPVertex.uasset" 498
"../../../Engine/Content/EditorResources/BSPVertex.uexp" 499
"../../../Engine/Content/EditorResources/SequenceRecorder/RecordingIndicator.uasset" 500
"../../../Engine/Content/EditorResources/SequenceRecorder/RecordingIndicator.uexp" 501
"../../../Engine/Content/EditorResources/SequenceRecorder/Countdown.uasset" 502
"../../../Engine/Content/EditorResources/SequenceRecorder/Countdown.uexp" 503
"../../../Engine/Content/EditorMaterials/ParticleSystems/PSysThumbnail_OOD.ubulk" 504
"../../../Engine/Content/EditorMaterials/ParticleSystems/PSysThumbnail_OOD.uasset" 505
"../../../Engine/Content/EditorMaterials/ParticleSystems/PSysThumbnail_OOD.uexp" 506
"../../../Engine/Content/EditorMaterials/ParticleSystems/PSysThumbnail_NoImage.ubulk" 507
"../../../Engine/Content/EditorMaterials/ParticleSystems/PSysThumbnail_NoImage.uasset" 508
"../../../Engine/Content/EditorMaterials/ParticleSystems/PSysThumbnail_NoImage.uexp" 509
"../../../Engine/Content/EditorLandscapeResources/DefaultAlphaTexture.uasset" 510
"../../../Engine/Content/EditorLandscapeResources/DefaultAlphaTexture.uexp" 511
"../../../Engine/Content/EngineResources/DefaultTextureCube.uasset" 512
"../../../Engine/Content/EngineResources/DefaultTextureCube.uexp" 513
"../../../Engine/Content/EngineResources/DefaultVolumeTexture2D.uasset" 514
"../../../Engine/Content/EngineResources/DefaultVolumeTexture2D.uexp" 515
"../../../Engine/Content/EngineResources/DefaultVolumeTexture.uasset" 516
"../../../Engine/Content/EngineResources/DefaultVolumeTexture.uexp" 517
"../../../Engine/Plugins/Interchange/Assets/Content/Functions/MX_UsdPreviewSurface.uasset" 518
"../../../Engine/Plugins/Interchange/Assets/Content/Functions/MX_UsdPreviewSurface.uexp" 519
"../../../Engine/Plugins/Interchange/Assets/Content/Functions/MX_UniformEDF.uasset" 520
"../../../Engine/Plugins/Interchange/Assets/Content/Functions/MX_UniformEDF.uexp" 521
"../../../Engine/Plugins/Interchange/Assets/Content/Functions/MX_TranslucentBSDF.uasset" 522
"../../../Engine/Plugins/Interchange/Assets/Content/Functions/MX_TranslucentBSDF.uexp" 523
"../../../Engine/Plugins/Interchange/Assets/Content/Functions/MX_ThinFilmBSDF.uasset" 524
"../../../Engine/Plugins/Interchange/Assets/Content/Functions/MX_ThinFilmBSDF.uexp" 525
"../../../Engine/Plugins/Interchange/Assets/Content/Functions/MX_SurfaceUnlit.uasset" 526
"../../../Engine/Plugins/Interchange/Assets/Content/Functions/MX_SurfaceUnlit.uexp" 527
"../../../Engine/Plugins/Interchange/Assets/Content/Functions/MX_Surface.uasset" 528
"../../../Engine/Plugins/Interchange/Assets/Content/Functions/MX_Surface.uexp" 529
"../../../Engine/Plugins/Interchange/Assets/Content/Functions/MX_SubsurfaceBSDF.uasset" 530
"../../../Engine/Plugins/Interchange/Assets/Content/Functions/MX_SubsurfaceBSDF.uexp" 531
"../../../Engine/Plugins/Interchange/Assets/Content/Functions/MX_SheenBSDF.uasset" 532
"../../../Engine/Plugins/Interchange/Assets/Content/Functions/MX_SheenBSDF.uexp" 533
"../../../Engine/Plugins/Interchange/Assets/Content/Functions/MX_OrenNayarBSDF.uasset" 534
"../../../Engine/Plugins/Interchange/Assets/Content/Functions/MX_OrenNayarBSDF.uexp" 535
"../../../Engine/Plugins/Interchange/Assets/Content/Utilities/New_LUT.uasset" 536
"../../../Engine/Plugins/Interchange/Assets/Content/Utilities/New_LUT.uexp" 537
"../../../Engine/Content/Functions/Engine_MaterialFunctions03/Math/RemapValueRange.uasset" 538
"../../../Engine/Content/Functions/Engine_MaterialFunctions03/Math/RemapValueRange.uexp" 539
"../../../Engine/Plugins/Interchange/Assets/Content/Functions/MF_Iridescence.uasset" 540
"../../../Engine/Plugins/Interchange/Assets/Content/Functions/MF_Iridescence.uexp" 541
"../../../Engine/Plugins/Interchange/Assets/Content/Functions/MX_StandardSurface.uasset" 542
"../../../Engine/Plugins/Interchange/Assets/Content/Functions/MX_StandardSurface.uexp" 543
"../../../Engine/Plugins/Interchange/Assets/Content/Functions/MX_TransmissionSurface.uasset" 544
"../../../Engine/Plugins/Interchange/Assets/Content/Functions/MX_TransmissionSurface.uexp" 545
"../../../Engine/Plugins/Interchange/Assets/Content/Functions/MX_OpenPBR_Translucent.uasset" 546
"../../../Engine/Plugins/Interchange/Assets/Content/Functions/MX_OpenPBR_Translucent.uexp" 547
"../../../Engine/Plugins/Interchange/Assets/Content/Functions/MX_OpenPBR_Opaque.uasset" 548
"../../../Engine/Plugins/Interchange/Assets/Content/Functions/MX_OpenPBR_Opaque.uexp" 549
"../../../Engine/Plugins/Interchange/Assets/Content/Functions/MX_MeasuredEDF.uasset" 550
"../../../Engine/Plugins/Interchange/Assets/Content/Functions/MX_MeasuredEDF.uexp" 551
"../../../Engine/Plugins/Interchange/Assets/Content/Functions/MX_GeneralizedSchlickBSDF.uasset" 552
"../../../Engine/Plugins/Interchange/Assets/Content/Functions/MX_GeneralizedSchlickBSDF.uexp" 553
"../../../Engine/Plugins/Interchange/Assets/Content/Functions/MX_DielectricBSDF.uasset" 554
"../../../Engine/Plugins/Interchange/Assets/Content/Functions/MX_DielectricBSDF.uexp" 555
"../../../Engine/Plugins/Interchange/Assets/Content/Functions/MX_ConicalEDF.uasset" 556
"../../../Engine/Plugins/Interchange/Assets/Content/Functions/MX_ConicalEDF.uexp" 557
"../../../Engine/Plugins/Interchange/Assets/Content/Functions/MX_ConductorBSDF.uasset" 558
"../../../Engine/Plugins/Interchange/Assets/Content/Functions/MX_ConductorBSDF.uexp" 559
"../../../Engine/Plugins/Interchange/Assets/Content/Functions/MX_BurleyDiffuseBSDF.uasset" 560
"../../../Engine/Plugins/Interchange/Assets/Content/Functions/MX_BurleyDiffuseBSDF.uexp" 561
"../../../Engine/Plugins/Interchange/Assets/Content/Functions/MX_AnisotropicVDF.uasset" 562
"../../../Engine/Plugins/Interchange/Assets/Content/Functions/MX_AnisotropicVDF.uexp" 563
"../../../Engine/Plugins/Interchange/Assets/Content/Functions/MX_AbsorptionVDF.uasset" 564
"../../../Engine/Plugins/Interchange/Assets/Content/Functions/MX_AbsorptionVDF.uexp" 565
"../../../Engine/Content/Functions/Engine_MaterialFunctions01/Shading/PowerToRoughness.uasset" 566
"../../../Engine/Content/Functions/Engine_MaterialFunctions01/Shading/PowerToRoughness.uexp" 567
"../../../Engine/Content/Functions/Engine_MaterialFunctions01/Shading/ConvertFromDiffSpec.uasset" 568
"../../../Engine/Content/Functions/Engine_MaterialFunctions01/Shading/ConvertFromDiffSpec.uexp" 569
"../../../Engine/Content/EngineMaterials/Substrate/Volume/SubstrateSimpleVolumeLUT3D.uasset" 570
"../../../Engine/Content/EngineMaterials/Substrate/Volume/SubstrateSimpleVolumeLUT3D.uexp" 571
"../../../Engine/Content/EngineMaterials/Substrate/Volume/SubstrateSimpleVolumeEnvLUT3D.uasset" 572
"../../../Engine/Content/EngineMaterials/Substrate/Volume/SubstrateSimpleVolumeEnvLUT3D.uexp" 573
"../../../Engine/Content/EditorMaterials/Dataflow/DataflowTwoSidedVertexMaterial.uasset" 574
"../../../Engine/Content/EditorMaterials/Dataflow/DataflowTwoSidedVertexMaterial.uexp" 575
"../../../Engine/Content/EditorMaterials/Dataflow/DataflowVertexMaterial.uasset" 576
"../../../Engine/Content/EditorMaterials/Dataflow/DataflowVertexMaterial.uexp" 577
"../../../Engine/Content/EditorMaterials/PhAT_NoCollisionMaterial.uasset" 578
"../../../Engine/Content/EditorMaterials/PhAT_NoCollisionMaterial.uexp" 579
"../../../Engine/Content/EditorMaterials/PhAT_UnselectedMaterial.uasset" 580
"../../../Engine/Content/EditorMaterials/PhAT_UnselectedMaterial.uexp" 581
"../../../Engine/Content/EditorMaterials/PreviewShadowIndicator.ubulk" 582
"../../../Engine/Content/EditorMaterials/PreviewShadowIndicator.uasset" 583
"../../../Engine/Content/EditorMaterials/PreviewShadowIndicator.uexp" 584
"../../../Engine/Content/EditorMaterials/PreviewShadowIndicatorMaterial.uasset" 585
"../../../Engine/Content/EditorMaterials/PreviewShadowIndicatorMaterial.uexp" 586
"../../../Engine/Content/EngineDebugMaterials/DebugEditorMaterial.uasset" 587
"../../../Engine/Content/EngineDebugMaterials/DebugEditorMaterial.uexp" 588
"../../../Engine/Content/EngineDebugMaterials/DebugMeshMaterial.uasset" 589
"../../../Engine/Content/EngineDebugMaterials/DebugMeshMaterial.uexp" 590
"../../../Engine/Content/EngineDebugMaterials/M_SimpleUnlitTranslucent.uasset" 591
"../../../Engine/Content/EngineDebugMaterials/M_SimpleUnlitTranslucent.uexp" 592
"../../../Engine/Content/Functions/Engine_MaterialFunctions02/Utility/CameraDirectionVector.uasset" 593
"../../../Engine/Content/Functions/Engine_MaterialFunctions02/Utility/CameraDirectionVector.uexp" 594
"../../../Engine/Content/EngineDebugMaterials/VolumeToRender.uasset" 595
"../../../Engine/Content/EngineDebugMaterials/VolumeToRender.uexp" 596
"../../../Engine/Content/EngineDebugMaterials/M_VolumeRenderSphereTracePP.uasset" 597
"../../../Engine/Content/EngineDebugMaterials/M_VolumeRenderSphereTracePP.uexp" 598
"../../../Engine/Content/EngineMaterials/DefaultDiffuse.ubulk" 599
"../../../Engine/Content/EngineMaterials/DefaultDiffuse.uasset" 600
"../../../Engine/Content/EngineMaterials/DefaultDiffuse.uexp" 601
"../../../Engine/Content/EngineMaterials/DefaultDeferredDecalMaterial.uasset" 602
"../../../Engine/Content/EngineMaterials/DefaultDeferredDecalMaterial.uexp" 603
"../../../Engine/Content/EngineMaterials/DefaultLightFunctionMaterial.uasset" 604
"../../../Engine/Content/EngineMaterials/DefaultLightFunctionMaterial.uexp" 605
"../../../Engine/Content/Functions/Engine_MaterialFunctions02/Utility/BreakOutFloat2Components.uasset" 606
"../../../Engine/Content/Functions/Engine_MaterialFunctions02/Utility/BreakOutFloat2Components.uexp" 607
"../../../Engine/Content/EngineMaterials/DefaultPostProcessMaterial.uasset" 608
"../../../Engine/Content/EngineMaterials/DefaultPostProcessMaterial.uexp" 609
"../../../Engine/Content/EngineFonts/RobotoDistanceField.uasset" 610
"../../../Engine/Content/EngineFonts/RobotoDistanceField.uexp" 611
"../../../Engine/Content/EngineMaterials/DefaultTextMaterialOpaque.uasset" 612
"../../../Engine/Content/EngineMaterials/DefaultTextMaterialOpaque.uexp" 613
"../../../Engine/Content/EngineMaterials/DefaultWhiteGrid_Low.uasset" 614
"../../../Engine/Content/EngineMaterials/DefaultWhiteGrid_Low.uexp" 615
"../../../Engine/Content/EngineMaterials/EmissiveMeshMaterial.uasset" 616
"../../../Engine/Content/EngineMaterials/EmissiveMeshMaterial.uexp" 617
"../../../Engine/Content/EngineMaterials/BaseFlattenNormalMap.uasset" 618
"../../../Engine/Content/EngineMaterials/BaseFlattenNormalMap.uexp" 619
"../../../Engine/Content/EngineMaterials/BaseFlattenGrayscaleMap.uasset" 620
"../../../Engine/Content/EngineMaterials/BaseFlattenGrayscaleMap.uexp" 621
"../../../Engine/Content/EngineMaterials/BaseFlattenDiffuseMap.uasset" 622
"../../../Engine/Content/EngineMaterials/BaseFlattenDiffuseMap.uexp" 623
"../../../Engine/Content/Functions/Engine_MaterialFunctions02/PivotPainter2/Black_1x1_EXR_Texture.uasset" 624
"../../../Engine/Content/Functions/Engine_MaterialFunctions02/PivotPainter2/Black_1x1_EXR_Texture.uexp" 625
"../../../Engine/Content/EngineMaterials/BaseFlattenEmissiveMap.uasset" 626
"../../../Engine/Content/EngineMaterials/BaseFlattenEmissiveMap.uexp" 627
"../../../Engine/Content/EngineMaterials/BaseFlattenLinearColor.uasset" 628
"../../../Engine/Content/EngineMaterials/BaseFlattenLinearColor.uexp" 629
"../../../Engine/Content/EngineMaterials/FlattenMaterial.uasset" 630
"../../../Engine/Content/EngineMaterials/FlattenMaterial.uexp" 631
"../../../Engine/Content/EngineMaterials/BaseFlattenEmissiveMap_VT.uasset" 632
"../../../Engine/Content/EngineMaterials/BaseFlattenEmissiveMap_VT.uexp" 633
"../../../Engine/Content/EngineMaterials/BaseFlattenGrayscaleMap_VT.uasset" 634
"../../../Engine/Content/EngineMaterials/BaseFlattenGrayscaleMap_VT.uexp" 635
"../../../Engine/Content/EngineMaterials/BaseFlattenLinearColor_VT.uasset" 636
"../../../Engine/Content/EngineMaterials/BaseFlattenLinearColor_VT.uexp" 637
"../../../Engine/Content/EngineMaterials/Black_1x1_EXR_Texture_VT.uasset" 638
"../../../Engine/Content/EngineMaterials/Black_1x1_EXR_Texture_VT.uexp" 639
"../../../Engine/Content/EngineMaterials/BaseFlattenDiffuseMap_VT.uasset" 640
"../../../Engine/Content/EngineMaterials/BaseFlattenDiffuseMap_VT.uexp" 641
"../../../Engine/Content/EngineMaterials/BaseFlattenNormalMap_VT.uasset" 642
"../../../Engine/Content/EngineMaterials/BaseFlattenNormalMap_VT.uexp" 643
"../../../Engine/Content/EngineMaterials/FlattenMaterial_VT.uasset" 644
"../../../Engine/Content/EngineMaterials/FlattenMaterial_VT.uexp" 645
"../../../Engine/Content/EngineMaterials/FlattenMaterial_WS_Normal_VT.uasset" 646
"../../../Engine/Content/EngineMaterials/FlattenMaterial_WS_Normal_VT.uexp" 647
"../../../Engine/Content/EngineMaterials/GizmoMaterial.uasset" 648
"../../../Engine/Content/EngineMaterials/GizmoMaterial.uexp" 649
"../../../Engine/Content/EngineMaterials/InvalidLightmapSettings.ubulk" 650
"../../../Engine/Content/EngineMaterials/InvalidLightmapSettings.uasset" 651
"../../../Engine/Content/EngineMaterials/InvalidLightmapSettings.uexp" 652
"../../../Engine/Content/EngineMaterials/M_InvalidLightmapSettings.uasset" 653
"../../../Engine/Content/EngineMaterials/M_InvalidLightmapSettings.uexp" 654
"../../../Engine/Content/EngineMaterials/NaniteHiddenSectionMaterial.uasset" 655
"../../../Engine/Content/EngineMaterials/NaniteHiddenSectionMaterial.uexp" 656
"../../../Engine/Content/Functions/Engine_MaterialFunctions02/WorldPositionOffset/CameraOffset.uasset" 657
"../../../Engine/Content/Functions/Engine_MaterialFunctions02/WorldPositionOffset/CameraOffset.uexp" 658
"../../../Engine/Content/EngineMaterials/PhAT_JointLimitMaterial.uasset" 659
"../../../Engine/Content/EngineMaterials/PhAT_JointLimitMaterial.uexp" 660
"../../../Engine/Content/EngineMaterials/DefaultCalibrationColor.uasset" 661
"../../../Engine/Content/EngineMaterials/DefaultCalibrationColor.uexp" 662
"../../../Engine/Content/EngineMaterials/PPM_DefaultCalibrationColor.uasset" 663
"../../../Engine/Content/EngineMaterials/PPM_DefaultCalibrationColor.uexp" 664
"../../../Engine/Content/EngineMaterials/DefaultCalibrationGrayscale.uasset" 665
"../../../Engine/Content/EngineMaterials/DefaultCalibrationGrayscale.uexp" 666
"../../../Engine/Content/EngineMaterials/PPM_DefaultCalibrationGrayscale.uasset" 667
"../../../Engine/Content/EngineMaterials/PPM_DefaultCalibrationGrayscale.uexp" 668
"../../../Engine/Content/EngineMaterials/RemoveSurfaceMaterial.uasset" 669
"../../../Engine/Content/EngineMaterials/RemoveSurfaceMaterial.uexp" 670
"../../../Engine/Plugins/Animation/ControlRig/Content/Controls/ControlRigGizmoMaterial.uasset" 671
"../../../Engine/Plugins/Animation/ControlRig/Content/Controls/ControlRigGizmoMaterial.uexp" 672
"../../../Engine/Plugins/Animation/ControlRig/Content/Controls/ControlRigXRayMaterial.uasset" 673
"../../../Engine/Plugins/Animation/ControlRig/Content/Controls/ControlRigXRayMaterial.uexp" 674
"../../../Engine/Plugins/Editor/SpeedTreeImporter/Content/SpeedTree9/game_wind_noise.ubulk" 675
"../../../Engine/Plugins/Editor/SpeedTreeImporter/Content/SpeedTree9/game_wind_noise.uasset" 676
"../../../Engine/Plugins/Editor/SpeedTreeImporter/Content/SpeedTree9/game_wind_noise.uexp" 677
"../../../Engine/Plugins/Editor/SpeedTreeImporter/Content/SpeedTree9/UnpackDirection.uasset" 678
"../../../Engine/Plugins/Editor/SpeedTreeImporter/Content/SpeedTree9/UnpackDirection.uexp" 679
"../../../Engine/Content/Functions/Engine_MaterialFunctions02/ObjectLocalBounds.uasset" 680
"../../../Engine/Content/Functions/Engine_MaterialFunctions02/ObjectLocalBounds.uexp" 681
"../../../Engine/Content/Functions/Engine_MaterialFunctions02/Utility/BreakOutFloat3Components.uasset" 682
"../../../Engine/Content/Functions/Engine_MaterialFunctions02/Utility/BreakOutFloat3Components.uexp" 683
"../../../Engine/Content/Functions/Engine_MaterialFunctions02/UVs/BoundingBoxBased_0-1_UVW.uasset" 684
"../../../Engine/Content/Functions/Engine_MaterialFunctions02/UVs/BoundingBoxBased_0-1_UVW.uexp" 685
"../../../Engine/Plugins/Editor/SpeedTreeImporter/Content/SpeedTree9/SpeedTreeBillboard.uasset" 686
"../../../Engine/Plugins/Editor/SpeedTreeImporter/Content/SpeedTree9/SpeedTreeBillboard.uexp" 687
"../../../Engine/Content/Functions/Engine_MaterialFunctions02/Utility/VectorLength.uasset" 688
"../../../Engine/Content/Functions/Engine_MaterialFunctions02/Utility/VectorLength.uexp" 689
"../../../Engine/Plugins/Editor/SpeedTreeImporter/Content/SpeedTree9/UnpackInteger3.uasset" 690
"../../../Engine/Plugins/Editor/SpeedTreeImporter/Content/SpeedTree9/UnpackInteger3.uexp" 691
"../../../Engine/Content/Functions/Engine_MaterialFunctions02/WorldPositionOffset/ObjectScale.uasset" 692
"../../../Engine/Content/Functions/Engine_MaterialFunctions02/WorldPositionOffset/ObjectScale.uexp" 693
"../../../Engine/Content/Functions/Engine_MaterialFunctions02/SafeNormalize.uasset" 694
"../../../Engine/Content/Functions/Engine_MaterialFunctions02/SafeNormalize.uexp" 695
"../../../Engine/Plugins/Editor/SpeedTreeImporter/Content/SpeedTree9/SpeedTreeWindMotion.uasset" 696
"../../../Engine/Plugins/Editor/SpeedTreeImporter/Content/SpeedTree9/SpeedTreeWindMotion.uexp" 697
"../../../Engine/Plugins/Editor/SpeedTreeImporter/Content/SpeedTree9/SpeedTreeBranchMotion.uasset" 698
"../../../Engine/Plugins/Editor/SpeedTreeImporter/Content/SpeedTree9/SpeedTreeBranchMotion.uexp" 699
"../../../Engine/Plugins/Editor/SpeedTreeImporter/Content/SpeedTree9/SpeedTreeWind.uasset" 700
"../../../Engine/Plugins/Editor/SpeedTreeImporter/Content/SpeedTree9/SpeedTreeWind.uexp" 701
"../../../Engine/Plugins/Editor/SpeedTreeImporter/Content/SpeedTree9/EmptyNormal.uasset" 702
"../../../Engine/Plugins/Editor/SpeedTreeImporter/Content/SpeedTree9/EmptyNormal.uexp" 703
"../../../Engine/Plugins/Editor/SpeedTreeImporter/Content/SpeedTree9/Empty.uasset" 704
"../../../Engine/Plugins/Editor/SpeedTreeImporter/Content/SpeedTree9/Empty.uexp" 705
"../../../Engine/Plugins/Editor/SpeedTreeImporter/Content/SpeedTree9/SpeedTreeBillboardMaster.uasset" 706
"../../../Engine/Plugins/Editor/SpeedTreeImporter/Content/SpeedTree9/SpeedTreeBillboardMaster.uexp" 707
"../../../Engine/Plugins/Editor/SpeedTreeImporter/Content/SpeedTree9/SpeedTreeCameraFacing.uasset" 708
"../../../Engine/Plugins/Editor/SpeedTreeImporter/Content/SpeedTree9/SpeedTreeCameraFacing.uexp" 709
"../../../Engine/Plugins/Editor/SpeedTreeImporter/Content/SpeedTree9/SpeedTreeMaster.uasset" 710
"../../../Engine/Plugins/Editor/SpeedTreeImporter/Content/SpeedTree9/SpeedTreeMaster.uexp" 711
"../../../Engine/Plugins/Runtime/HairStrands/Content/Materials/HairCardsDefaultMaterial.uasset" 712
"../../../Engine/Plugins/Runtime/HairStrands/Content/Materials/HairCardsDefaultMaterial.uexp" 713
"../../../Engine/Plugins/Runtime/HairStrands/Content/Materials/HairGroupColors.uasset" 714
"../../../Engine/Plugins/Runtime/HairStrands/Content/Materials/HairGroupColors.uexp" 715
"../../../Engine/Content/Functions/Engine_MaterialFunctions02/Utility/MakeFloat2.uasset" 716
"../../../Engine/Content/Functions/Engine_MaterialFunctions02/Utility/MakeFloat2.uexp" 717
"../../../Engine/Content/Functions/Engine_MaterialFunctions02/Utility/MakeFloat3.uasset" 718
"../../../Engine/Content/Functions/Engine_MaterialFunctions02/Utility/MakeFloat3.uexp" 719
"../../../Engine/Content/EngineMaterials/HairColorMap.uasset" 720
"../../../Engine/Content/EngineMaterials/HairColorMap.uexp" 721
"../../../Engine/Content/EngineMaterials/HairDebugColor.uasset" 722
"../../../Engine/Content/EngineMaterials/HairDebugColor.uexp" 723
"../../../Engine/Plugins/Runtime/HairStrands/Content/Materials/HairDebugMaterial.uasset" 724
"../../../Engine/Plugins/Runtime/HairStrands/Content/Materials/HairDebugMaterial.uexp" 725
"../../../Engine/Plugins/Runtime/HairStrands/Content/Materials/HairDefaultMaterial.uasset" 726
"../../../Engine/Plugins/Runtime/HairStrands/Content/Materials/HairDefaultMaterial.uexp" 727
"../../../Engine/Plugins/Runtime/HairStrands/Content/Materials/HairMeshesDefaultMaterial.uasset" 728
"../../../Engine/Plugins/Runtime/HairStrands/Content/Materials/HairMeshesDefaultMaterial.uexp" 729
"../../../Engine/Plugins/Runtime/MeshModelingToolset/Content/Materials/M_DynamicMeshComponentVtxColor.uasset" 730
"../../../Engine/Plugins/Runtime/MeshModelingToolset/Content/Materials/M_DynamicMeshComponentVtxColor.uexp" 731
"../../../Engine/Plugins/Animation/ControlRig/Content/M_Manip.uasset" 732
"../../../Engine/Plugins/Animation/ControlRig/Content/M_Manip.uexp" 733
"../../../Engine/Content/EngineMeshes/Sphere.ubulk" 734
"../../../Engine/Content/EngineMeshes/Sphere.uasset" 735
"../../../Engine/Content/EngineMeshes/Sphere.uexp" 736
"../../../Engine/Content/ArtTools/RenderToTexture/Meshes/S_1_Unit_Plane.ubulk" 737
"../../../Engine/Content/ArtTools/RenderToTexture/Meshes/S_1_Unit_Plane.uasset" 738
"../../../Engine/Content/ArtTools/RenderToTexture/Meshes/S_1_Unit_Plane.uexp" 739
"../../../Engine/Content/EngineMaterials/Substrate/GLints/AGlintTex2dArray.uasset" 740
"../../../Engine/Content/EngineMaterials/Substrate/GLints/AGlintTex2dArray.uexp" 741
"../../../Engine/Content/EngineMaterials/Substrate/GLints2/AGlintTex2dArray2.uasset" 742
"../../../Engine/Content/EngineMaterials/Substrate/GLints2/AGlintTex2dArray2.uexp" 743
"../../../Engine/Content/BasicShapes/Cone.ubulk" 744
"../../../Engine/Content/BasicShapes/Cone.uasset" 745
"../../../Engine/Content/BasicShapes/Cone.uexp" 746
"../../../Engine/Content/BasicShapes/Plane.ubulk" 747
"../../../Engine/Content/BasicShapes/Plane.uasset" 748
"../../../Engine/Content/BasicShapes/Plane.uexp" 749
"../../../Engine/Content/BasicShapes/Sphere.ubulk" 750
"../../../Engine/Content/BasicShapes/Sphere.uasset" 751
"../../../Engine/Content/BasicShapes/Sphere.uexp" 752
"../../../Engine/Content/EditorLandscapeResources/SplineEditorMeshMat.uasset" 753
"../../../Engine/Content/EditorLandscapeResources/SplineEditorMeshMat.uexp" 754
"../../../Engine/Content/EditorLandscapeResources/SplineEditorMesh.ubulk" 755
"../../../Engine/Content/EditorLandscapeResources/SplineEditorMesh.uasset" 756
"../../../Engine/Content/EditorLandscapeResources/SplineEditorMesh.uexp" 757
"../../../Engine/Content/EditorMaterials/Camera/CineMat.uasset" 758
"../../../Engine/Content/EditorMaterials/Camera/CineMat.uexp" 759
"../../../Engine/Content/EditorMaterials/Camera/MI_CineMat_Rig.uasset" 760
"../../../Engine/Content/EditorMaterials/Camera/MI_CineMat_Rig.uexp" 761
"../../../Engine/Content/EditorMeshes/Camera/SM_CraneRig_Arm.ubulk" 762
"../../../Engine/Content/EditorMeshes/Camera/SM_CraneRig_Arm.uasset" 763
"../../../Engine/Content/EditorMeshes/Camera/SM_CraneRig_Arm.uexp" 764
"../../../Engine/Content/EditorMeshes/Camera/SM_CraneRig_Base.ubulk" 765
"../../../Engine/Content/EditorMeshes/Camera/SM_CraneRig_Base.uasset" 766
"../../../Engine/Content/EditorMeshes/Camera/SM_CraneRig_Base.uexp" 767
"../../../Engine/Content/EditorMeshes/Camera/SM_CraneRig_Body.ubulk" 768
"../../../Engine/Content/EditorMeshes/Camera/SM_CraneRig_Body.uasset" 769
"../../../Engine/Content/EditorMeshes/Camera/SM_CraneRig_Body.uexp" 770
"../../../Engine/Content/EditorMeshes/Camera/SM_CraneRig_Mount.ubulk" 771
"../../../Engine/Content/EditorMeshes/Camera/SM_CraneRig_Mount.uasset" 772
"../../../Engine/Content/EditorMeshes/Camera/SM_CraneRig_Mount.uexp" 773
"../../../Engine/Content/EditorMeshes/Camera/SM_RailRig_Mount.ubulk" 774
"../../../Engine/Content/EditorMeshes/Camera/SM_RailRig_Mount.uasset" 775
"../../../Engine/Content/EditorMeshes/Camera/SM_RailRig_Mount.uexp" 776
"../../../Engine/Content/EditorMeshes/Camera/SM_RailRig_Track.ubulk" 777
"../../../Engine/Content/EditorMeshes/Camera/SM_RailRig_Track.uasset" 778
"../../../Engine/Content/EditorMeshes/Camera/SM_RailRig_Track.uexp" 779
"../../../Engine/Content/EngineMaterials/WeightMapPlaceholderTexture.uasset" 780
"../../../Engine/Content/EngineMaterials/WeightMapPlaceholderTexture.uexp" 781
"../../../Engine/Content/EngineMaterials/WeightMapArrayPlaceholderTexture.uasset" 782
"../../../Engine/Content/EngineMaterials/WeightMapArrayPlaceholderTexture.uexp" 783
"../../../Engine/Content/EngineResources/WhiteSquareTexture.uasset" 784
"../../../Engine/Content/EngineResources/WhiteSquareTexture.uexp" 785
"../../../Engine/Content/EngineMaterials/Widget3DPassThrough.uasset" 786
"../../../Engine/Content/EngineMaterials/Widget3DPassThrough.uexp" 787
"../../../Engine/Content/EngineMaterials/Widget3DPassThrough_Masked.uasset" 788
"../../../Engine/Content/EngineMaterials/Widget3DPassThrough_Masked.uexp" 789
"../../../Engine/Content/EngineMaterials/Widget3DPassThrough_Opaque.uasset" 790
"../../../Engine/Content/EngineMaterials/Widget3DPassThrough_Opaque.uexp" 791
"../../../Engine/Content/EngineMaterials/Widget3DPassThrough_Masked_OneSided.uasset" 792
"../../../Engine/Content/EngineMaterials/Widget3DPassThrough_Masked_OneSided.uexp" 793
"../../../Engine/Content/EngineMaterials/Widget3DPassThrough_Opaque_OneSided.uasset" 794
"../../../Engine/Content/EngineMaterials/Widget3DPassThrough_Opaque_OneSided.uexp" 795
"../../../Engine/Content/EngineMaterials/Widget3DPassThrough_Translucent.uasset" 796
"../../../Engine/Content/EngineMaterials/Widget3DPassThrough_Translucent.uexp" 797
"../../../Engine/Content/EngineMaterials/Widget3DPassThrough_Translucent_OneSided.uasset" 798
"../../../Engine/Content/EngineMaterials/Widget3DPassThrough_Translucent_OneSided.uexp" 799
"../../../Engine/Content/EngineSky/VolumetricClouds/T_CloudMask.ubulk" 800
"../../../Engine/Content/EngineSky/VolumetricClouds/T_CloudMask.uasset" 801
"../../../Engine/Content/EngineSky/VolumetricClouds/T_CloudMask.uexp" 802
"../../../Engine/Content/EngineSky/VolumetricClouds/VT_Lightning.uasset" 803
"../../../Engine/Content/EngineSky/VolumetricClouds/VT_Lightning.uexp" 804
"../../../Engine/Content/EngineSky/VolumetricClouds/T_Profile_08.ubulk" 805
"../../../Engine/Content/EngineSky/VolumetricClouds/T_Profile_08.uasset" 806
"../../../Engine/Content/EngineSky/VolumetricClouds/T_Profile_08.uexp" 807
"../../../Engine/Content/Functions/Engine_MaterialFunctions02/Utility/MakeFloat4.uasset" 808
"../../../Engine/Content/Functions/Engine_MaterialFunctions02/Utility/MakeFloat4.uexp" 809
"../../../Engine/Content/Functions/Engine_MaterialFunctions01/Units/Km-to-Cm.uasset" 810
"../../../Engine/Content/Functions/Engine_MaterialFunctions01/Units/Km-to-Cm.uexp" 811
"../../../Engine/Content/Functions/Engine_MaterialFunctions02/Utility/BreakOutFloat4Components.uasset" 812
"../../../Engine/Content/Functions/Engine_MaterialFunctions02/Utility/BreakOutFloat4Components.uexp" 813
"../../../Engine/Content/EngineSky/VolumetricClouds/T_CloudPattern.ubulk" 814
"../../../Engine/Content/EngineSky/VolumetricClouds/T_CloudPattern.uasset" 815
"../../../Engine/Content/EngineSky/VolumetricClouds/T_CloudPattern.uexp" 816
"../../../Engine/Content/EngineSky/VolumetricClouds/VT_PerlinWorley_Balanced.uasset" 817
"../../../Engine/Content/EngineSky/VolumetricClouds/VT_PerlinWorley_Balanced.uexp" 818
"../../../Engine/Content/EngineSky/VolumetricClouds/m_SimpleVolumetricCloud.uasset" 819
"../../../Engine/Content/EngineSky/VolumetricClouds/m_SimpleVolumetricCloud.uexp" 820
"../../../Engine/Content/EngineSky/VolumetricClouds/m_SimpleVolumetricCloud_Inst.uasset" 821
"../../../Engine/Content/EngineSky/VolumetricClouds/m_SimpleVolumetricCloud_Inst.uexp" 822
"../../../Engine/Content/VREditor/LaserPointer/VR_LaserPower_01.ubulk" 823
"../../../Engine/Content/VREditor/LaserPointer/VR_LaserPower_01.uasset" 824
"../../../Engine/Content/VREditor/LaserPointer/VR_LaserPower_01.uexp" 825
"../../../Engine/Content/VREditor/TransformGizmo/TransformGizmoMaterial.uasset" 826
"../../../Engine/Content/VREditor/TransformGizmo/TransformGizmoMaterial.uexp" 827
"../../../Engine/Content/VREditor/TransformGizmo/TranslucentTransformGizmoMaterial.uasset" 828
"../../../Engine/Content/VREditor/TransformGizmo/TranslucentTransformGizmoMaterial.uexp" 829
"../../../Engine/Content/VREditor/TransformGizmo/BoundingBoxCorner.ubulk" 830
"../../../Engine/Content/VREditor/TransformGizmo/BoundingBoxCorner.uasset" 831
"../../../Engine/Content/VREditor/TransformGizmo/BoundingBoxCorner.uexp" 832
"../../../Engine/Content/VREditor/TransformGizmo/BoundingBoxEdge.ubulk" 833
"../../../Engine/Content/VREditor/TransformGizmo/BoundingBoxEdge.uasset" 834
"../../../Engine/Content/VREditor/TransformGizmo/BoundingBoxEdge.uexp" 835
"../../../Engine/Content/VREditor/TransformGizmo/Main.uasset" 836
"../../../Engine/Content/VREditor/TransformGizmo/Main.uexp" 837
"../../../Engine/Content/VREditor/TransformGizmo/Xray.uasset" 838
"../../../Engine/Content/VREditor/TransformGizmo/Xray.uexp" 839
"../../../Engine/Content/VREditor/TransformGizmo/SM_Sequencer_Node.ubulk" 840
"../../../Engine/Content/VREditor/TransformGizmo/SM_Sequencer_Node.uasset" 841
"../../../Engine/Content/VREditor/TransformGizmo/SM_Sequencer_Node.uexp" 842
"../../../Engine/Content/Functions/Engine_MaterialFunctions02/Math/Transform3x3Matrix.uasset" 843
"../../../Engine/Content/Functions/Engine_MaterialFunctions02/Math/Transform3x3Matrix.uexp" 844
"../../../Engine/Plugins/Interchange/Assets/Content/gltf/Textures/T_White_srgb.uasset" 845
"../../../Engine/Plugins/Interchange/Assets/Content/gltf/Textures/T_White_srgb.uexp" 846
"../../../Engine/Plugins/Interchange/Assets/Content/gltf/MaterialFunctions/MF_Specular.uasset" 847
"../../../Engine/Plugins/Interchange/Assets/Content/gltf/MaterialFunctions/MF_Specular.uexp" 848
"../../../Engine/Plugins/Interchange/Assets/Content/gltf/Textures/T_Anisotropy_Direction_Linear.uasset" 849
"../../../Engine/Plugins/Interchange/Assets/Content/gltf/Textures/T_Anisotropy_Direction_Linear.uexp" 850
"../../../Engine/Plugins/Interchange/Assets/Content/gltf/MaterialFunctions/MF_SpecularAnisotropy.uasset" 851
"../../../Engine/Plugins/Interchange/Assets/Content/gltf/MaterialFunctions/MF_SpecularAnisotropy.uexp" 852
"../../../Engine/Plugins/Interchange/Assets/Content/gltf/Textures/T_White_Linear.uasset" 853
"../../../Engine/Plugins/Interchange/Assets/Content/gltf/Textures/T_White_Linear.uexp" 854
"../../../Engine/Plugins/Interchange/Assets/Content/gltf/MaterialFunctions/MF_MetallicRoughness.uasset" 855
"../../../Engine/Plugins/Interchange/Assets/Content/gltf/MaterialFunctions/MF_MetallicRoughness.uexp" 856
"../../../Engine/Plugins/Interchange/Assets/Content/gltf/Textures/T_Generic_N.uasset" 857
"../../../Engine/Plugins/Interchange/Assets/Content/gltf/Textures/T_Generic_N.uexp" 858
"../../../Engine/Plugins/Interchange/Assets/Content/gltf/MaterialFunctions/MF_ScaleNormal.uasset" 859
"../../../Engine/Plugins/Interchange/Assets/Content/gltf/MaterialFunctions/MF_ScaleNormal.uexp" 860
"../../../Engine/Plugins/Interchange/Assets/Content/gltf/MaterialFunctions/MF_BaseColor.uasset" 861
"../../../Engine/Plugins/Interchange/Assets/Content/gltf/MaterialFunctions/MF_BaseColor.uexp" 862
"../../../Engine/Plugins/Interchange/Assets/Content/gltf/MaterialFunctions/MF_Iridescence.uasset" 863
"../../../Engine/Plugins/Interchange/Assets/Content/gltf/MaterialFunctions/MF_Iridescence.uexp" 864
"../../../Engine/Plugins/Interchange/Assets/Content/gltf/MaterialFunctions/MF_Occlusion.uasset" 865
"../../../Engine/Plugins/Interchange/Assets/Content/gltf/MaterialFunctions/MF_Occlusion.uexp" 866
"../../../Engine/Plugins/Interchange/Assets/Content/gltf/MaterialFunctions/MF_IOR.uasset" 867
"../../../Engine/Plugins/Interchange/Assets/Content/gltf/MaterialFunctions/MF_IOR.uexp" 868
"../../../Engine/Plugins/Interchange/Assets/Content/gltf/MaterialFunctions/MF_RotateV2.uasset" 869
"../../../Engine/Plugins/Interchange/Assets/Content/gltf/MaterialFunctions/MF_RotateV2.uexp" 870
"../../../Engine/Plugins/Interchange/Assets/Content/gltf/MaterialFunctions/MF_TransformUVs.uasset" 871
"../../../Engine/Plugins/Interchange/Assets/Content/gltf/MaterialFunctions/MF_TransformUVs.uexp" 872
"../../../Engine/Plugins/Interchange/Assets/Content/gltf/MaterialFunctions/MF_Emissive.uasset" 873
"../../../Engine/Plugins/Interchange/Assets/Content/gltf/MaterialFunctions/MF_Emissive.uexp" 874
"../../../Engine/Plugins/Interchange/Assets/Content/gltf/MaterialFunctions/MF_RotateNormals_TS.uasset" 875
"../../../Engine/Plugins/Interchange/Assets/Content/gltf/MaterialFunctions/MF_RotateNormals_TS.uexp" 876
"../../../Engine/Plugins/Interchange/Assets/Content/gltf/MaterialFunctions/MF_Normals.uasset" 877
"../../../Engine/Plugins/Interchange/Assets/Content/gltf/MaterialFunctions/MF_Normals.uexp" 878
"../../../Engine/Content/Functions/Engine_MaterialFunctions01/Texturing/FlattenNormal.uasset" 879
"../../../Engine/Content/Functions/Engine_MaterialFunctions01/Texturing/FlattenNormal.uexp" 880
"../../../Engine/Plugins/Interchange/Assets/Content/gltf/MaterialFunctions/MF_Clearcoat.uasset" 881
"../../../Engine/Plugins/Interchange/Assets/Content/gltf/MaterialFunctions/MF_Clearcoat.uexp" 882
"../../../Engine/Plugins/Interchange/Assets/Content/gltf/MaterialBodies/MF_ClearCoat_Body.uasset" 883
"../../../Engine/Plugins/Interchange/Assets/Content/gltf/MaterialBodies/MF_ClearCoat_Body.uexp" 884
"../../../Engine/Plugins/Interchange/Assets/Content/gltf/M_ClearCoat.uasset" 885
"../../../Engine/Plugins/Interchange/Assets/Content/gltf/M_ClearCoat.uexp" 886
"../../../Engine/Plugins/Interchange/Assets/Content/gltf/MaterialInstances/MI_ClearCoat_Blend.uasset" 887
"../../../Engine/Plugins/Interchange/Assets/Content/gltf/MaterialInstances/MI_ClearCoat_Blend.uexp" 888
"../../../Engine/Plugins/Interchange/Assets/Content/gltf/MaterialInstances/MI_ClearCoat_Blend_DS.uasset" 889
"../../../Engine/Plugins/Interchange/Assets/Content/gltf/MaterialInstances/MI_ClearCoat_Blend_DS.uexp" 890
"../../../Engine/Plugins/Interchange/Assets/Content/gltf/MaterialInstances/MI_ClearCoat_Mask.uasset" 891
"../../../Engine/Plugins/Interchange/Assets/Content/gltf/MaterialInstances/MI_ClearCoat_Mask.uexp" 892
"../../../Engine/Plugins/Interchange/Assets/Content/gltf/MaterialInstances/MI_ClearCoat_Mask_DS.uasset" 893
"../../../Engine/Plugins/Interchange/Assets/Content/gltf/MaterialInstances/MI_ClearCoat_Mask_DS.uexp" 894
"../../../Engine/Plugins/Interchange/Assets/Content/gltf/MaterialInstances/MI_ClearCoat_Opaque.uasset" 895
"../../../Engine/Plugins/Interchange/Assets/Content/gltf/MaterialInstances/MI_ClearCoat_Opaque.uexp" 896
"../../../Engine/Plugins/Interchange/Assets/Content/gltf/MaterialInstances/MI_ClearCoat_Opaque_DS.uasset" 897
"../../../Engine/Plugins/Interchange/Assets/Content/gltf/MaterialInstances/MI_ClearCoat_Opaque_DS.uexp" 898
"../../../Engine/Plugins/Interchange/Assets/Content/gltf/MaterialBodies/MF_Default_Body.uasset" 899
"../../../Engine/Plugins/Interchange/Assets/Content/gltf/MaterialBodies/MF_Default_Body.uexp" 900
"../../../Engine/Plugins/Interchange/Assets/Content/gltf/M_Default.uasset" 901
"../../../Engine/Plugins/Interchange/Assets/Content/gltf/M_Default.uexp" 902
"../../../Engine/Plugins/Interchange/Assets/Content/gltf/MaterialInstances/MI_Default_Blend.uasset" 903
"../../../Engine/Plugins/Interchange/Assets/Content/gltf/MaterialInstances/MI_Default_Blend.uexp" 904
"../../../Engine/Plugins/Interchange/Assets/Content/gltf/MaterialInstances/MI_Default_Blend_DS.uasset" 905
"../../../Engine/Plugins/Interchange/Assets/Content/gltf/MaterialInstances/MI_Default_Blend_DS.uexp" 906
"../../../Engine/Plugins/Interchange/Assets/Content/gltf/MaterialInstances/MI_Default_Mask.uasset" 907
"../../../Engine/Plugins/Interchange/Assets/Content/gltf/MaterialInstances/MI_Default_Mask.uexp" 908
"../../../Engine/Plugins/Interchange/Assets/Content/gltf/MaterialInstances/MI_Default_Mask_DS.uasset" 909
"../../../Engine/Plugins/Interchange/Assets/Content/gltf/MaterialInstances/MI_Default_Mask_DS.uexp" 910
"../../../Engine/Plugins/Interchange/Assets/Content/gltf/MaterialInstances/MI_Default_Opaque.uasset" 911
"../../../Engine/Plugins/Interchange/Assets/Content/gltf/MaterialInstances/MI_Default_Opaque.uexp" 912
"../../../Engine/Plugins/Interchange/Assets/Content/gltf/MaterialInstances/MI_Default_Opaque_DS.uasset" 913
"../../../Engine/Plugins/Interchange/Assets/Content/gltf/MaterialInstances/MI_Default_Opaque_DS.uexp" 914
"../../../Engine/Plugins/Interchange/Assets/Content/gltf/MaterialFunctions/MF_Sheen.uasset" 915
"../../../Engine/Plugins/Interchange/Assets/Content/gltf/MaterialFunctions/MF_Sheen.uexp" 916
"../../../Engine/Plugins/Interchange/Assets/Content/gltf/MaterialBodies/MF_Sheen_Body.uasset" 917
"../../../Engine/Plugins/Interchange/Assets/Content/gltf/MaterialBodies/MF_Sheen_Body.uexp" 918
"../../../Engine/Plugins/Interchange/Assets/Content/gltf/M_Sheen.uasset" 919
"../../../Engine/Plugins/Interchange/Assets/Content/gltf/M_Sheen.uexp" 920
"../../../Engine/Plugins/Interchange/Assets/Content/gltf/MaterialInstances/MI_Sheen_Blend.uasset" 921
"../../../Engine/Plugins/Interchange/Assets/Content/gltf/MaterialInstances/MI_Sheen_Blend.uexp" 922
"../../../Engine/Plugins/Interchange/Assets/Content/gltf/MaterialInstances/MI_Sheen_Blend_DS.uasset" 923
"../../../Engine/Plugins/Interchange/Assets/Content/gltf/MaterialInstances/MI_Sheen_Blend_DS.uexp" 924
"../../../Engine/Plugins/Interchange/Assets/Content/gltf/MaterialInstances/MI_Sheen_Mask.uasset" 925
"../../../Engine/Plugins/Interchange/Assets/Content/gltf/MaterialInstances/MI_Sheen_Mask.uexp" 926
"../../../Engine/Plugins/Interchange/Assets/Content/gltf/MaterialInstances/MI_Sheen_Mask_DS.uasset" 927
"../../../Engine/Plugins/Interchange/Assets/Content/gltf/MaterialInstances/MI_Sheen_Mask_DS.uexp" 928
"../../../Engine/Plugins/Interchange/Assets/Content/gltf/MaterialInstances/MI_Sheen_Opaque.uasset" 929
"../../../Engine/Plugins/Interchange/Assets/Content/gltf/MaterialInstances/MI_Sheen_Opaque.uexp" 930
"../../../Engine/Plugins/Interchange/Assets/Content/gltf/MaterialInstances/MI_Sheen_Opaque_DS.uasset" 931
"../../../Engine/Plugins/Interchange/Assets/Content/gltf/MaterialInstances/MI_Sheen_Opaque_DS.uexp" 932
"../../../Engine/Content/Functions/Engine_MaterialFunctions02/Math/AddComponents.uasset" 933
"../../../Engine/Content/Functions/Engine_MaterialFunctions02/Math/AddComponents.uexp" 934
"../../../Engine/Plugins/Interchange/Assets/Content/gltf/MaterialFunctions/MF_DiffuseSpecGloss.uasset" 935
"../../../Engine/Plugins/Interchange/Assets/Content/gltf/MaterialFunctions/MF_DiffuseSpecGloss.uexp" 936
"../../../Engine/Plugins/Interchange/Assets/Content/gltf/MaterialFunctions/MF_PerceivedBrightness.uasset" 937
"../../../Engine/Plugins/Interchange/Assets/Content/gltf/MaterialFunctions/MF_PerceivedBrightness.uexp" 938
"../../../Engine/Plugins/Interchange/Assets/Content/gltf/MaterialFunctions/MF_SpecGlossToMetalRoughness.uasset" 939
"../../../Engine/Plugins/Interchange/Assets/Content/gltf/MaterialFunctions/MF_SpecGlossToMetalRoughness.uexp" 940
"../../../Engine/Plugins/Interchange/Assets/Content/gltf/MaterialFunctions/MF_MaxComponentValue.uasset" 941
"../../../Engine/Plugins/Interchange/Assets/Content/gltf/MaterialFunctions/MF_MaxComponentValue.uexp" 942
"../../../Engine/Plugins/Interchange/Assets/Content/gltf/MaterialBodies/MF_SpecularGlossiness_Body.uasset" 943
"../../../Engine/Plugins/Interchange/Assets/Content/gltf/MaterialBodies/MF_SpecularGlossiness_Body.uexp" 944
"../../../Engine/Plugins/Interchange/Assets/Content/gltf/M_SpecularGlossiness.uasset" 945
"../../../Engine/Plugins/Interchange/Assets/Content/gltf/M_SpecularGlossiness.uexp" 946
"../../../Engine/Plugins/Interchange/Assets/Content/gltf/MaterialInstances/MI_SpecularGlossiness_Blend.uasset" 947
"../../../Engine/Plugins/Interchange/Assets/Content/gltf/MaterialInstances/MI_SpecularGlossiness_Blend.uexp" 948
"../../../Engine/Plugins/Interchange/Assets/Content/gltf/MaterialInstances/MI_SpecularGlossiness_Blend_DS.uasset" 949
"../../../Engine/Plugins/Interchange/Assets/Content/gltf/MaterialInstances/MI_SpecularGlossiness_Blend_DS.uexp" 950
"../../../Engine/Plugins/Interchange/Assets/Content/gltf/MaterialInstances/MI_SpecularGlossiness_Mask.uasset" 951
"../../../Engine/Plugins/Interchange/Assets/Content/gltf/MaterialInstances/MI_SpecularGlossiness_Mask.uexp" 952
"../../../Engine/Plugins/Interchange/Assets/Content/gltf/MaterialInstances/MI_SpecularGlossiness_Mask_DS.uasset" 953
"../../../Engine/Plugins/Interchange/Assets/Content/gltf/MaterialInstances/MI_SpecularGlossiness_Mask_DS.uexp" 954
"../../../Engine/Plugins/Interchange/Assets/Content/gltf/MaterialInstances/MI_SpecularGlossiness_Opaque.uasset" 955
"../../../Engine/Plugins/Interchange/Assets/Content/gltf/MaterialInstances/MI_SpecularGlossiness_Opaque.uexp" 956
"../../../Engine/Plugins/Interchange/Assets/Content/gltf/MaterialInstances/MI_SpecularGlossiness_Opaque_DS.uasset" 957
"../../../Engine/Plugins/Interchange/Assets/Content/gltf/MaterialInstances/MI_SpecularGlossiness_Opaque_DS.uexp" 958
"../../../Engine/Content/EngineMaterials/Good64x64TilingNoiseHighFreq.uasset" 959
"../../../Engine/Content/EngineMaterials/Good64x64TilingNoiseHighFreq.uexp" 960
"../../../Engine/Content/Functions/Engine_MaterialFunctions02/Texturing/ScreenAlignedPixelToPixelUVs.uasset" 961
"../../../Engine/Content/Functions/Engine_MaterialFunctions02/Texturing/ScreenAlignedPixelToPixelUVs.uexp" 962
"../../../Engine/Plugins/Interchange/Assets/Content/gltf/MaterialFunctions/MF_Temporal_Blur.uasset" 963
"../../../Engine/Plugins/Interchange/Assets/Content/gltf/MaterialFunctions/MF_Temporal_Blur.uexp" 964
"../../../Engine/Plugins/Interchange/Assets/Content/gltf/MaterialFunctions/MF_Fresnel_DS.uasset" 965
"../../../Engine/Plugins/Interchange/Assets/Content/gltf/MaterialFunctions/MF_Fresnel_DS.uexp" 966
"../../../Engine/Plugins/Interchange/Assets/Content/gltf/MaterialFunctions/MF_Transmission.uasset" 967
"../../../Engine/Plugins/Interchange/Assets/Content/gltf/MaterialFunctions/MF_Transmission.uexp" 968
"../../../Engine/Plugins/Interchange/Assets/Content/gltf/MaterialBodies/MF_Transmission_Body.uasset" 969
"../../../Engine/Plugins/Interchange/Assets/Content/gltf/MaterialBodies/MF_Transmission_Body.uexp" 970
"../../../Engine/Plugins/Interchange/Assets/Content/gltf/M_Transmission.uasset" 971
"../../../Engine/Plugins/Interchange/Assets/Content/gltf/M_Transmission.uexp" 972
"../../../Engine/Plugins/Interchange/Assets/Content/gltf/MaterialInstances/MI_Transmission.uasset" 973
"../../../Engine/Plugins/Interchange/Assets/Content/gltf/MaterialInstances/MI_Transmission.uexp" 974
"../../../Engine/Plugins/Interchange/Assets/Content/gltf/MaterialInstances/MI_Transmission_DS.uasset" 975
"../../../Engine/Plugins/Interchange/Assets/Content/gltf/MaterialInstances/MI_Transmission_DS.uexp" 976
"../../../Engine/Plugins/Interchange/Assets/Content/gltf/MaterialBodies/MF_Unlit_Body.uasset" 977
"../../../Engine/Plugins/Interchange/Assets/Content/gltf/MaterialBodies/MF_Unlit_Body.uexp" 978
"../../../Engine/Plugins/Interchange/Assets/Content/gltf/M_Unlit.uasset" 979
"../../../Engine/Plugins/Interchange/Assets/Content/gltf/M_Unlit.uexp" 980
"../../../Engine/Plugins/Interchange/Assets/Content/gltf/MaterialInstances/MI_Unlit_Blend.uasset" 981
"../../../Engine/Plugins/Interchange/Assets/Content/gltf/MaterialInstances/MI_Unlit_Blend.uexp" 982
"../../../Engine/Plugins/Interchange/Assets/Content/gltf/MaterialInstances/MI_Unlit_Blend_DS.uasset" 983
"../../../Engine/Plugins/Interchange/Assets/Content/gltf/MaterialInstances/MI_Unlit_Blend_DS.uexp" 984
"../../../Engine/Plugins/Interchange/Assets/Content/gltf/MaterialInstances/MI_Unlit_Mask.uasset" 985
"../../../Engine/Plugins/Interchange/Assets/Content/gltf/MaterialInstances/MI_Unlit_Mask.uexp" 986
"../../../Engine/Plugins/Interchange/Assets/Content/gltf/MaterialInstances/MI_Unlit_Mask_DS.uasset" 987
"../../../Engine/Plugins/Interchange/Assets/Content/gltf/MaterialInstances/MI_Unlit_Mask_DS.uexp" 988
"../../../Engine/Plugins/Interchange/Assets/Content/gltf/MaterialInstances/MI_Unlit_Opaque.uasset" 989
"../../../Engine/Plugins/Interchange/Assets/Content/gltf/MaterialInstances/MI_Unlit_Opaque.uexp" 990
"../../../Engine/Plugins/Interchange/Assets/Content/gltf/MaterialInstances/MI_Unlit_Opaque_DS.uasset" 991
"../../../Engine/Plugins/Interchange/Assets/Content/gltf/MaterialInstances/MI_Unlit_Opaque_DS.uexp" 992
"../../../Engine/Plugins/Animation/ControlRig/Content/Controls/ControlRig_Arrow2_1mm.ubulk" 993
"../../../Engine/Plugins/Animation/ControlRig/Content/Controls/ControlRig_Arrow2_1mm.uasset" 994
"../../../Engine/Plugins/Animation/ControlRig/Content/Controls/ControlRig_Arrow2_1mm.uexp" 995
"../../../Engine/Plugins/Animation/ControlRig/Content/Controls/ControlRig_Arrow2_3mm.ubulk" 996
"../../../Engine/Plugins/Animation/ControlRig/Content/Controls/ControlRig_Arrow2_3mm.uasset" 997
"../../../Engine/Plugins/Animation/ControlRig/Content/Controls/ControlRig_Arrow2_3mm.uexp" 998
"../../../Engine/Plugins/Animation/ControlRig/Content/Controls/ControlRig_Arrow2_solid.ubulk" 999
"../../../Engine/Plugins/Animation/ControlRig/Content/Controls/ControlRig_Arrow2_solid.uasset" 1000
"../../../Engine/Plugins/Animation/ControlRig/Content/Controls/ControlRig_Arrow2_solid.uexp" 1001
"../../../Engine/Plugins/Animation/ControlRig/Content/Controls/ControlRig_Arrow4_1mm.ubulk" 1002
"../../../Engine/Plugins/Animation/ControlRig/Content/Controls/ControlRig_Arrow4_1mm.uasset" 1003
"../../../Engine/Plugins/Animation/ControlRig/Content/Controls/ControlRig_Arrow4_1mm.uexp" 1004
"../../../Engine/Plugins/Animation/ControlRig/Content/Controls/ControlRig_Arrow4_3mm.ubulk" 1005
"../../../Engine/Plugins/Animation/ControlRig/Content/Controls/ControlRig_Arrow4_3mm.uasset" 1006
"../../../Engine/Plugins/Animation/ControlRig/Content/Controls/ControlRig_Arrow4_3mm.uexp" 1007
"../../../Engine/Plugins/Animation/ControlRig/Content/Controls/ControlRig_Arrow4_solid.ubulk" 1008
"../../../Engine/Plugins/Animation/ControlRig/Content/Controls/ControlRig_Arrow4_solid.uasset" 1009
"../../../Engine/Plugins/Animation/ControlRig/Content/Controls/ControlRig_Arrow4_solid.uexp" 1010
"../../../Engine/Plugins/Animation/ControlRig/Content/Controls/ControlRig_Arrow_1mm.ubulk" 1011
"../../../Engine/Plugins/Animation/ControlRig/Content/Controls/ControlRig_Arrow_1mm.uasset" 1012
"../../../Engine/Plugins/Animation/ControlRig/Content/Controls/ControlRig_Arrow_1mm.uexp" 1013
"../../../Engine/Plugins/Animation/ControlRig/Content/Controls/ControlRig_Arrow_3mm.ubulk" 1014
"../../../Engine/Plugins/Animation/ControlRig/Content/Controls/ControlRig_Arrow_3mm.uasset" 1015
"../../../Engine/Plugins/Animation/ControlRig/Content/Controls/ControlRig_Arrow_3mm.uexp" 1016
"../../../Engine/Plugins/Animation/ControlRig/Content/Controls/ControlRig_Arrow_solid.ubulk" 1017
"../../../Engine/Plugins/Animation/ControlRig/Content/Controls/ControlRig_Arrow_solid.uasset" 1018
"../../../Engine/Plugins/Animation/ControlRig/Content/Controls/ControlRig_Arrow_solid.uexp" 1019
"../../../Engine/Plugins/Animation/ControlRig/Content/Controls/ControlRig_Box_1mm.ubulk" 1020
"../../../Engine/Plugins/Animation/ControlRig/Content/Controls/ControlRig_Box_1mm.uasset" 1021
"../../../Engine/Plugins/Animation/ControlRig/Content/Controls/ControlRig_Box_1mm.uexp" 1022
"../../../Engine/Plugins/Animation/ControlRig/Content/Controls/ControlRig_Box_3mm.ubulk" 1023
"../../../Engine/Plugins/Animation/ControlRig/Content/Controls/ControlRig_Box_3mm.uasset" 1024
"../../../Engine/Plugins/Animation/ControlRig/Content/Controls/ControlRig_Box_3mm.uexp" 1025
"../../../Engine/Plugins/Animation/ControlRig/Content/Controls/ControlRig_Box_solid.ubulk" 1026
"../../../Engine/Plugins/Animation/ControlRig/Content/Controls/ControlRig_Box_solid.uasset" 1027
"../../../Engine/Plugins/Animation/ControlRig/Content/Controls/ControlRig_Box_solid.uexp" 1028
"../../../Engine/Plugins/Animation/ControlRig/Content/Controls/ControlRig_Circle_1mm.ubulk" 1029
"../../../Engine/Plugins/Animation/ControlRig/Content/Controls/ControlRig_Circle_1mm.uasset" 1030
"../../../Engine/Plugins/Animation/ControlRig/Content/Controls/ControlRig_Circle_1mm.uexp" 1031
"../../../Engine/Plugins/Animation/ControlRig/Content/Controls/ControlRig_Circle_3mm.ubulk" 1032
"../../../Engine/Plugins/Animation/ControlRig/Content/Controls/ControlRig_Circle_3mm.uasset" 1033
"../../../Engine/Plugins/Animation/ControlRig/Content/Controls/ControlRig_Circle_3mm.uexp" 1034
"../../../Engine/Plugins/Animation/ControlRig/Content/Controls/ControlRig_Circle_solid.ubulk" 1035
"../../../Engine/Plugins/Animation/ControlRig/Content/Controls/ControlRig_Circle_solid.uasset" 1036
"../../../Engine/Plugins/Animation/ControlRig/Content/Controls/ControlRig_Circle_solid.uexp" 1037
"../../../Engine/Plugins/Animation/ControlRig/Content/Controls/ControlRig_Diamond_1mm.ubulk" 1038
"../../../Engine/Plugins/Animation/ControlRig/Content/Controls/ControlRig_Diamond_1mm.uasset" 1039
"../../../Engine/Plugins/Animation/ControlRig/Content/Controls/ControlRig_Diamond_1mm.uexp" 1040
"../../../Engine/Plugins/Animation/ControlRig/Content/Controls/ControlRig_Diamond_3mm.ubulk" 1041
"../../../Engine/Plugins/Animation/ControlRig/Content/Controls/ControlRig_Diamond_3mm.uasset" 1042
"../../../Engine/Plugins/Animation/ControlRig/Content/Controls/ControlRig_Diamond_3mm.uexp" 1043
"../../../Engine/Plugins/Animation/ControlRig/Content/Controls/ControlRig_Diamond_solid.ubulk" 1044
"../../../Engine/Plugins/Animation/ControlRig/Content/Controls/ControlRig_Diamond_solid.uasset" 1045
"../../../Engine/Plugins/Animation/ControlRig/Content/Controls/ControlRig_Diamond_solid.uexp" 1046
"../../../Engine/Plugins/Animation/ControlRig/Content/Controls/ControlRig_HalfCircle_1mm.ubulk" 1047
"../../../Engine/Plugins/Animation/ControlRig/Content/Controls/ControlRig_HalfCircle_1mm.uasset" 1048
"../../../Engine/Plugins/Animation/ControlRig/Content/Controls/ControlRig_HalfCircle_1mm.uexp" 1049
"../../../Engine/Plugins/Animation/ControlRig/Content/Controls/ControlRig_HalfCircle_3mm.ubulk" 1050
"../../../Engine/Plugins/Animation/ControlRig/Content/Controls/ControlRig_HalfCircle_3mm.uasset" 1051
"../../../Engine/Plugins/Animation/ControlRig/Content/Controls/ControlRig_HalfCircle_3mm.uexp" 1052
"../../../Engine/Plugins/Animation/ControlRig/Content/Controls/ControlRig_HalfCircle_solid.ubulk" 1053
"../../../Engine/Plugins/Animation/ControlRig/Content/Controls/ControlRig_HalfCircle_solid.uasset" 1054
"../../../Engine/Plugins/Animation/ControlRig/Content/Controls/ControlRig_HalfCircle_solid.uexp" 1055
"../../../Engine/Plugins/Animation/ControlRig/Content/Controls/ControlRig_Hexagon_1mm.ubulk" 1056
"../../../Engine/Plugins/Animation/ControlRig/Content/Controls/ControlRig_Hexagon_1mm.uasset" 1057
"../../../Engine/Plugins/Animation/ControlRig/Content/Controls/ControlRig_Hexagon_1mm.uexp" 1058
"../../../Engine/Plugins/Animation/ControlRig/Content/Controls/ControlRig_Hexagon_3mm.ubulk" 1059
"../../../Engine/Plugins/Animation/ControlRig/Content/Controls/ControlRig_Hexagon_3mm.uasset" 1060
"../../../Engine/Plugins/Animation/ControlRig/Content/Controls/ControlRig_Hexagon_3mm.uexp" 1061
"../../../Engine/Plugins/Animation/ControlRig/Content/Controls/ControlRig_Hexagon_solid.ubulk" 1062
"../../../Engine/Plugins/Animation/ControlRig/Content/Controls/ControlRig_Hexagon_solid.uasset" 1063
"../../../Engine/Plugins/Animation/ControlRig/Content/Controls/ControlRig_Hexagon_solid.uexp" 1064
"../../../Engine/Plugins/Animation/ControlRig/Content/Controls/ControlRig_Octagon_1mm.ubulk" 1065
"../../../Engine/Plugins/Animation/ControlRig/Content/Controls/ControlRig_Octagon_1mm.uasset" 1066
"../../../Engine/Plugins/Animation/ControlRig/Content/Controls/ControlRig_Octagon_1mm.uexp" 1067
"../../../Engine/Plugins/Animation/ControlRig/Content/Controls/ControlRig_Octagon_3mm.ubulk" 1068
"../../../Engine/Plugins/Animation/ControlRig/Content/Controls/ControlRig_Octagon_3mm.uasset" 1069
"../../../Engine/Plugins/Animation/ControlRig/Content/Controls/ControlRig_Octagon_3mm.uexp" 1070
"../../../Engine/Plugins/Animation/ControlRig/Content/Controls/ControlRig_Octagon_solid.ubulk" 1071
"../../../Engine/Plugins/Animation/ControlRig/Content/Controls/ControlRig_Octagon_solid.uasset" 1072
"../../../Engine/Plugins/Animation/ControlRig/Content/Controls/ControlRig_Octagon_solid.uexp" 1073
"../../../Engine/Plugins/Animation/ControlRig/Content/Controls/ControlRig_Pyramid_1mm.ubulk" 1074
"../../../Engine/Plugins/Animation/ControlRig/Content/Controls/ControlRig_Pyramid_1mm.uasset" 1075
"../../../Engine/Plugins/Animation/ControlRig/Content/Controls/ControlRig_Pyramid_1mm.uexp" 1076
"../../../Engine/Plugins/Animation/ControlRig/Content/Controls/ControlRig_Pyramid_3mm.ubulk" 1077
"../../../Engine/Plugins/Animation/ControlRig/Content/Controls/ControlRig_Pyramid_3mm.uasset" 1078
"../../../Engine/Plugins/Animation/ControlRig/Content/Controls/ControlRig_Pyramid_3mm.uexp" 1079
"../../../Engine/Plugins/Animation/ControlRig/Content/Controls/ControlRig_Pyramid_solid.ubulk" 1080
"../../../Engine/Plugins/Animation/ControlRig/Content/Controls/ControlRig_Pyramid_solid.uasset" 1081
"../../../Engine/Plugins/Animation/ControlRig/Content/Controls/ControlRig_Pyramid_solid.uexp" 1082
"../../../Engine/Plugins/Animation/ControlRig/Content/Controls/ControlRig_QuarterCircle_1mm.ubulk" 1083
"../../../Engine/Plugins/Animation/ControlRig/Content/Controls/ControlRig_QuarterCircle_1mm.uasset" 1084
"../../../Engine/Plugins/Animation/ControlRig/Content/Controls/ControlRig_QuarterCircle_1mm.uexp" 1085
"../../../Engine/Plugins/Animation/ControlRig/Content/Controls/ControlRig_QuarterCircle_3mm.ubulk" 1086
"../../../Engine/Plugins/Animation/ControlRig/Content/Controls/ControlRig_QuarterCircle_3mm.uasset" 1087
"../../../Engine/Plugins/Animation/ControlRig/Content/Controls/ControlRig_QuarterCircle_3mm.uexp" 1088
"../../../Engine/Plugins/Animation/ControlRig/Content/Controls/ControlRig_QuarterCircle_solid.ubulk" 1089
"../../../Engine/Plugins/Animation/ControlRig/Content/Controls/ControlRig_QuarterCircle_solid.uasset" 1090
"../../../Engine/Plugins/Animation/ControlRig/Content/Controls/ControlRig_QuarterCircle_solid.uexp" 1091
"../../../Engine/Plugins/Animation/ControlRig/Content/Controls/ControlRig_RoundedSquare_1mm.ubulk" 1092
"../../../Engine/Plugins/Animation/ControlRig/Content/Controls/ControlRig_RoundedSquare_1mm.uasset" 1093
"../../../Engine/Plugins/Animation/ControlRig/Content/Controls/ControlRig_RoundedSquare_1mm.uexp" 1094
"../../../Engine/Plugins/Animation/ControlRig/Content/Controls/ControlRig_RoundedSquare_3mm.ubulk" 1095
"../../../Engine/Plugins/Animation/ControlRig/Content/Controls/ControlRig_RoundedSquare_3mm.uasset" 1096
"../../../Engine/Plugins/Animation/ControlRig/Content/Controls/ControlRig_RoundedSquare_3mm.uexp" 1097
"../../../Engine/Plugins/Animation/ControlRig/Content/Controls/ControlRig_RoundedSquare_solid.ubulk" 1098
"../../../Engine/Plugins/Animation/ControlRig/Content/Controls/ControlRig_RoundedSquare_solid.uasset" 1099
"../../../Engine/Plugins/Animation/ControlRig/Content/Controls/ControlRig_RoundedSquare_solid.uexp" 1100
"../../../Engine/Plugins/Animation/ControlRig/Content/Controls/ControlRig_RoundedTriangle_1mm.ubulk" 1101
"../../../Engine/Plugins/Animation/ControlRig/Content/Controls/ControlRig_RoundedTriangle_1mm.uasset" 1102
"../../../Engine/Plugins/Animation/ControlRig/Content/Controls/ControlRig_RoundedTriangle_1mm.uexp" 1103
"../../../Engine/Plugins/Animation/ControlRig/Content/Controls/ControlRig_RoundedTriangle_3mm.ubulk" 1104
"../../../Engine/Plugins/Animation/ControlRig/Content/Controls/ControlRig_RoundedTriangle_3mm.uasset" 1105
"../../../Engine/Plugins/Animation/ControlRig/Content/Controls/ControlRig_RoundedTriangle_3mm.uexp" 1106
"../../../Engine/Plugins/Animation/ControlRig/Content/Controls/ControlRig_RoundedTriangle_solid.ubulk" 1107
"../../../Engine/Plugins/Animation/ControlRig/Content/Controls/ControlRig_RoundedTriangle_solid.uasset" 1108
"../../../Engine/Plugins/Animation/ControlRig/Content/Controls/ControlRig_RoundedTriangle_solid.uexp" 1109
"../../../Engine/Plugins/Animation/ControlRig/Content/Controls/ControlRig_Sphere_1mm.ubulk" 1110
"../../../Engine/Plugins/Animation/ControlRig/Content/Controls/ControlRig_Sphere_1mm.uasset" 1111
"../../../Engine/Plugins/Animation/ControlRig/Content/Controls/ControlRig_Sphere_1mm.uexp" 1112
"../../../Engine/Plugins/Animation/ControlRig/Content/Controls/ControlRig_Sphere_3mm.ubulk" 1113
"../../../Engine/Plugins/Animation/ControlRig/Content/Controls/ControlRig_Sphere_3mm.uasset" 1114
"../../../Engine/Plugins/Animation/ControlRig/Content/Controls/ControlRig_Sphere_3mm.uexp" 1115
"../../../Engine/Plugins/Animation/ControlRig/Content/Controls/ControlRig_Sphere_solid.ubulk" 1116
"../../../Engine/Plugins/Animation/ControlRig/Content/Controls/ControlRig_Sphere_solid.uasset" 1117
"../../../Engine/Plugins/Animation/ControlRig/Content/Controls/ControlRig_Sphere_solid.uexp" 1118
"../../../Engine/Plugins/Animation/ControlRig/Content/Controls/ControlRig_Square_1mm.ubulk" 1119
"../../../Engine/Plugins/Animation/ControlRig/Content/Controls/ControlRig_Square_1mm.uasset" 1120
"../../../Engine/Plugins/Animation/ControlRig/Content/Controls/ControlRig_Square_1mm.uexp" 1121
"../../../Engine/Plugins/Animation/ControlRig/Content/Controls/ControlRig_Square_3mm.ubulk" 1122
"../../../Engine/Plugins/Animation/ControlRig/Content/Controls/ControlRig_Square_3mm.uasset" 1123
"../../../Engine/Plugins/Animation/ControlRig/Content/Controls/ControlRig_Square_3mm.uexp" 1124
"../../../Engine/Plugins/Animation/ControlRig/Content/Controls/ControlRig_Square_solid.ubulk" 1125
"../../../Engine/Plugins/Animation/ControlRig/Content/Controls/ControlRig_Square_solid.uasset" 1126
"../../../Engine/Plugins/Animation/ControlRig/Content/Controls/ControlRig_Square_solid.uexp" 1127
"../../../Engine/Plugins/Animation/ControlRig/Content/Controls/ControlRig_Star4_1mm.ubulk" 1128
"../../../Engine/Plugins/Animation/ControlRig/Content/Controls/ControlRig_Star4_1mm.uasset" 1129
"../../../Engine/Plugins/Animation/ControlRig/Content/Controls/ControlRig_Star4_1mm.uexp" 1130
"../../../Engine/Plugins/Animation/ControlRig/Content/Controls/ControlRig_Star4_3mm.ubulk" 1131
"../../../Engine/Plugins/Animation/ControlRig/Content/Controls/ControlRig_Star4_3mm.uasset" 1132
"../../../Engine/Plugins/Animation/ControlRig/Content/Controls/ControlRig_Star4_3mm.uexp" 1133
"../../../Engine/Plugins/Animation/ControlRig/Content/Controls/ControlRig_Star4_solid.ubulk" 1134
"../../../Engine/Plugins/Animation/ControlRig/Content/Controls/ControlRig_Star4_solid.uasset" 1135
"../../../Engine/Plugins/Animation/ControlRig/Content/Controls/ControlRig_Star4_solid.uexp" 1136
"../../../Engine/Plugins/Animation/ControlRig/Content/Controls/ControlRig_Triangle_1mm.ubulk" 1137
"../../../Engine/Plugins/Animation/ControlRig/Content/Controls/ControlRig_Triangle_1mm.uasset" 1138
"../../../Engine/Plugins/Animation/ControlRig/Content/Controls/ControlRig_Triangle_1mm.uexp" 1139
"../../../Engine/Plugins/Animation/ControlRig/Content/Controls/ControlRig_Triangle_3mm.ubulk" 1140
"../../../Engine/Plugins/Animation/ControlRig/Content/Controls/ControlRig_Triangle_3mm.uasset" 1141
"../../../Engine/Plugins/Animation/ControlRig/Content/Controls/ControlRig_Triangle_3mm.uexp" 1142
"../../../Engine/Plugins/Animation/ControlRig/Content/Controls/ControlRig_Triangle_solid.ubulk" 1143
"../../../Engine/Plugins/Animation/ControlRig/Content/Controls/ControlRig_Triangle_solid.uasset" 1144
"../../../Engine/Plugins/Animation/ControlRig/Content/Controls/ControlRig_Triangle_solid.uexp" 1145
"../../../Engine/Plugins/Animation/ControlRig/Content/Controls/ControlRig_Wedge_1mm.ubulk" 1146
"../../../Engine/Plugins/Animation/ControlRig/Content/Controls/ControlRig_Wedge_1mm.uasset" 1147
"../../../Engine/Plugins/Animation/ControlRig/Content/Controls/ControlRig_Wedge_1mm.uexp" 1148
"../../../Engine/Plugins/Animation/ControlRig/Content/Controls/ControlRig_Wedge_3mm.ubulk" 1149
"../../../Engine/Plugins/Animation/ControlRig/Content/Controls/ControlRig_Wedge_3mm.uasset" 1150
"../../../Engine/Plugins/Animation/ControlRig/Content/Controls/ControlRig_Wedge_3mm.uexp" 1151
"../../../Engine/Plugins/Animation/ControlRig/Content/Controls/ControlRig_Wedge_solid.ubulk" 1152
"../../../Engine/Plugins/Animation/ControlRig/Content/Controls/ControlRig_Wedge_solid.uasset" 1153
"../../../Engine/Plugins/Animation/ControlRig/Content/Controls/ControlRig_Wedge_solid.uexp" 1154
"../../../Engine/Content/Functions/Engine_MaterialFunctions02/Texturing/CustomRotator.uasset" 1155
"../../../Engine/Content/Functions/Engine_MaterialFunctions02/Texturing/CustomRotator.uexp" 1156
"../../../Engine/Content/Functions/Engine_MaterialFunctions01/Texturing/ScaleUVsByCenter.uasset" 1157
"../../../Engine/Content/Functions/Engine_MaterialFunctions01/Texturing/ScaleUVsByCenter.uexp" 1158
"../../../Engine/Content/Functions/Engine_MaterialFunctions01/Gradient/GeneratedRoundRect.uasset" 1159
"../../../Engine/Content/Functions/Engine_MaterialFunctions01/Gradient/GeneratedRoundRect.uexp" 1160
"../../../Engine/Content/Functions/Engine_MaterialFunctions01/Gradient/SphereGradient-2D.uasset" 1161
"../../../Engine/Content/Functions/Engine_MaterialFunctions01/Gradient/SphereGradient-2D.uexp" 1162
"../../../Engine/Plugins/Runtime/AudioWidgets/Content/AudioMaterialSlate/Functions/MF_DotOutlined.uasset" 1163
"../../../Engine/Plugins/Runtime/AudioWidgets/Content/AudioMaterialSlate/Functions/MF_DotOutlined.uexp" 1164
"../../../Engine/Plugins/Runtime/AudioWidgets/Content/AudioMaterialSlate/M_AudioMaterialEnvelope_ADSR.uasset" 1165
"../../../Engine/Plugins/Runtime/AudioWidgets/Content/AudioMaterialSlate/M_AudioMaterialEnvelope_ADSR.uexp" 1166
"../../../Engine/Plugins/Runtime/AudioWidgets/Content/AudioMaterialSlate/MI_AudioMaterialEnvelope_ADSR.uasset" 1167
"../../../Engine/Plugins/Runtime/AudioWidgets/Content/AudioMaterialSlate/MI_AudioMaterialEnvelope_ADSR.uexp" 1168
"../../../Engine/Plugins/Runtime/AudioWidgets/Content/AudioMaterialSlate/Functions/MF_SingleLine_Smooth.uasset" 1169
"../../../Engine/Plugins/Runtime/AudioWidgets/Content/AudioMaterialSlate/Functions/MF_SingleLine_Smooth.uexp" 1170
"../../../Engine/Plugins/Runtime/AudioWidgets/Content/AudioMaterialSlate/Functions/MF_AngleGradient.uasset" 1171
"../../../Engine/Plugins/Runtime/AudioWidgets/Content/AudioMaterialSlate/Functions/MF_AngleGradient.uexp" 1172
"../../../Engine/Content/Functions/Engine_MaterialFunctions02/Lerp_3Color.uasset" 1173
"../../../Engine/Content/Functions/Engine_MaterialFunctions02/Lerp_3Color.uexp" 1174
"../../../Engine/Plugins/Runtime/AudioWidgets/Content/AudioMaterialSlate/M_AudioMaterialKnob.uasset" 1175
"../../../Engine/Plugins/Runtime/AudioWidgets/Content/AudioMaterialSlate/M_AudioMaterialKnob.uexp" 1176
"../../../Engine/Plugins/Runtime/AudioWidgets/Content/AudioMaterialSlate/MI_AudioMaterialKnob.uasset" 1177
"../../../Engine/Plugins/Runtime/AudioWidgets/Content/AudioMaterialSlate/MI_AudioMaterialKnob.uexp" 1178
"../../../Engine/Plugins/Runtime/AudioWidgets/Content/AudioMaterialSlate/Functions/MF_Lines.uasset" 1179
"../../../Engine/Plugins/Runtime/AudioWidgets/Content/AudioMaterialSlate/Functions/MF_Lines.uexp" 1180
"../../../Engine/Plugins/Runtime/AudioWidgets/Content/AudioMaterialSlate/M_AudioMaterialMeter.uasset" 1181
"../../../Engine/Plugins/Runtime/AudioWidgets/Content/AudioMaterialSlate/M_AudioMaterialMeter.uexp" 1182
"../../../Engine/Plugins/Runtime/AudioWidgets/Content/AudioMaterialSlate/MI_AudioMaterialMeter.uasset" 1183
"../../../Engine/Plugins/Runtime/AudioWidgets/Content/AudioMaterialSlate/MI_AudioMaterialMeter.uexp" 1184
"../../../Engine/Plugins/Runtime/AudioWidgets/Content/AudioMaterialSlate/M_AudioMaterialRoundedSlider.uasset" 1185
"../../../Engine/Plugins/Runtime/AudioWidgets/Content/AudioMaterialSlate/M_AudioMaterialRoundedSlider.uexp" 1186
"../../../Engine/Plugins/Runtime/AudioWidgets/Content/AudioMaterialSlate/MI_AudioMaterialRoundedSlider.uasset" 1187
"../../../Engine/Plugins/Runtime/AudioWidgets/Content/AudioMaterialSlate/MI_AudioMaterialRoundedSlider.uexp" 1188
"../../../Engine/Plugins/Runtime/AudioWidgets/Content/AudioMaterialSlate/Functions/MF_SingleLine.uasset" 1189
"../../../Engine/Plugins/Runtime/AudioWidgets/Content/AudioMaterialSlate/Functions/MF_SingleLine.uexp" 1190
"../../../Engine/Plugins/Runtime/AudioWidgets/Content/AudioMaterialSlate/M_AudioMaterialToggleButton.uasset" 1191
"../../../Engine/Plugins/Runtime/AudioWidgets/Content/AudioMaterialSlate/M_AudioMaterialToggleButton.uexp" 1192
"../../../Engine/Plugins/Runtime/AudioWidgets/Content/AudioMaterialSlate/MI_AudioMaterialToggleButton.uasset" 1193
"../../../Engine/Plugins/Runtime/AudioWidgets/Content/AudioMaterialSlate/MI_AudioMaterialToggleButton.uexp" 1194
"../../../Engine/Plugins/2D/Paper2D/Content/MaskedUnlitSpriteMaterial.uasset" 1195
"../../../Engine/Plugins/2D/Paper2D/Content/MaskedUnlitSpriteMaterial.uexp" 1196
"../../../Engine/Plugins/2D/Paper2D/Content/DefaultSpriteMaterial.uasset" 1197
"../../../Engine/Plugins/2D/Paper2D/Content/DefaultSpriteMaterial.uexp" 1198
"../../../Engine/Plugins/2D/Paper2D/Content/OpaqueUnlitSpriteMaterial.uasset" 1199
"../../../Engine/Plugins/2D/Paper2D/Content/OpaqueUnlitSpriteMaterial.uexp" 1200
"../../../Engine/Plugins/Media/MediaPlate/Content/SM_MediaPlateScreen.ubulk" 1201
"../../../Engine/Plugins/Media/MediaPlate/Content/SM_MediaPlateScreen.uasset" 1202
"../../../Engine/Plugins/Media/MediaPlate/Content/SM_MediaPlateScreen.uexp" 1203
"../../../Engine/Plugins/NNE/NNEDenoiser/Content/NNEDIM_ColorAlbedoNormal_Alpha.uasset" 1204
"../../../Engine/Plugins/NNE/NNEDenoiser/Content/NNEDIM_ColorAlbedoNormal_Alpha.uexp" 1205
"../../../Engine/Plugins/NNE/NNEDenoiser/Content/NNEDIM_ColorAlbedoNormal_Default.uasset" 1206
"../../../Engine/Plugins/NNE/NNEDenoiser/Content/NNEDIM_ColorAlbedoNormal_Default.uexp" 1207
"../../../Engine/Plugins/NNE/NNEDenoiser/Content/NNEDIM_HighQuality_Alpha.uasset" 1208
"../../../Engine/Plugins/NNE/NNEDenoiser/Content/NNEDIM_HighQuality_Alpha.uexp" 1209
"../../../Engine/Plugins/NNE/NNEDenoiser/Content/NNEDIM_HighQuality_Default.uasset" 1210
"../../../Engine/Plugins/NNE/NNEDenoiser/Content/NNEDIM_HighQuality_Default.uexp" 1211
"../../../Engine/Plugins/NNE/NNEDenoiser/Content/NNEDOM_Output_Alpha.uasset" 1212
"../../../Engine/Plugins/NNE/NNEDenoiser/Content/NNEDOM_Output_Alpha.uexp" 1213
"../../../Engine/Plugins/NNE/NNEDenoiser/Content/NNEDOM_Output_Default.uasset" 1214
"../../../Engine/Plugins/NNE/NNEDenoiser/Content/NNEDOM_Output_Default.uexp" 1215
"../../../Engine/Plugins/NNE/NNEDenoiser/Content/NNEDTIM_ColorAlbedoNormal_Alpha.uasset" 1216
"../../../Engine/Plugins/NNE/NNEDenoiser/Content/NNEDTIM_ColorAlbedoNormal_Alpha.uexp" 1217
"../../../Engine/Plugins/NNE/NNEDenoiser/Content/NNEDTIM_ColorAlbedoNormal_Default.uasset" 1218
"../../../Engine/Plugins/NNE/NNEDenoiser/Content/NNEDTIM_ColorAlbedoNormal_Default.uexp" 1219
"../../../Engine/Plugins/NNE/NNEDenoiser/Content/NNEDTOM_Output_Alpha.uasset" 1220
"../../../Engine/Plugins/NNE/NNEDenoiser/Content/NNEDTOM_Output_Alpha.uexp" 1221
"../../../Engine/Plugins/NNE/NNEDenoiser/Content/NNEDTOM_Output_Default.uasset" 1222
"../../../Engine/Plugins/NNE/NNEDenoiser/Content/NNEDTOM_Output_Default.uexp" 1223
"../../../Engine/Content/EngineMaterials/DefaultPhysicalMaterial.uasset" 1224
"../../../Engine/Content/EngineMaterials/DefaultPhysicalMaterial.uexp" 1225
"../../../Engine/Content/EngineMaterials/BlendFunc_DefBlend.uasset" 1226
"../../../Engine/Content/EngineMaterials/BlendFunc_DefBlend.uexp" 1227
"../../../Engine/Content/OpenWorldTemplate/LandscapeMaterial/T_GridChecker_A.ubulk" 1228
"../../../Engine/Content/OpenWorldTemplate/LandscapeMaterial/T_GridChecker_A.uasset" 1229
"../../../Engine/Content/OpenWorldTemplate/LandscapeMaterial/T_GridChecker_A.uexp" 1230
"../../../Engine/Content/EngineMaterials/BlendFunc_DefBase.uasset" 1231
"../../../Engine/Content/EngineMaterials/BlendFunc_DefBase.uexp" 1232
"../../../Engine/Content/Functions/Engine_MaterialFunctions03/Blends/Blend_Overlay.uasset" 1233
"../../../Engine/Content/Functions/Engine_MaterialFunctions03/Blends/Blend_Overlay.uexp" 1234
"../../../Engine/Content/Functions/Engine_MaterialFunctions01/Gradient/LinearGradient.uasset" 1235
"../../../Engine/Content/Functions/Engine_MaterialFunctions01/Gradient/LinearGradient.uexp" 1236
"../../../Engine/Content/Functions/Engine_MaterialFunctions01/ImageAdjustment/CheapContrast.uasset" 1237
"../../../Engine/Content/Functions/Engine_MaterialFunctions01/ImageAdjustment/CheapContrast.uexp" 1238
"../../../Engine/Content/OpenWorldTemplate/LandscapeMaterial/MF_ProcGrid.uasset" 1239
"../../../Engine/Content/OpenWorldTemplate/LandscapeMaterial/MF_ProcGrid.uexp" 1240
"../../../Engine/Content/OpenWorldTemplate/LandscapeMaterial/M_ProcGrid.uasset" 1241
"../../../Engine/Content/OpenWorldTemplate/LandscapeMaterial/M_ProcGrid.uexp" 1242
"../../../Engine/Content/EngineSky/T_Sky_Stars.ubulk" 1243
"../../../Engine/Content/EngineSky/T_Sky_Stars.uasset" 1244
"../../../Engine/Content/EngineSky/T_Sky_Stars.uexp" 1245
"../../../Engine/Content/EngineSky/T_Sky_Clouds_M.ubulk" 1246
"../../../Engine/Content/EngineSky/T_Sky_Clouds_M.uasset" 1247
"../../../Engine/Content/EngineSky/T_Sky_Clouds_M.uexp" 1248
"../../../Engine/Content/EngineSky/T_Sky_Blue.ubulk" 1249
"../../../Engine/Content/EngineSky/T_Sky_Blue.uasset" 1250
"../../../Engine/Content/EngineSky/T_Sky_Blue.uexp" 1251
"../../../Engine/Content/EngineSky/M_Sky_Panning_Clouds2.uasset" 1252
"../../../Engine/Content/EngineSky/M_Sky_Panning_Clouds2.uexp" 1253
"../../../Engine/Content/EngineSky/SM_SkySphere.ubulk" 1254
"../../../Engine/Content/EngineSky/SM_SkySphere.uasset" 1255
"../../../Engine/Content/EngineSky/SM_SkySphere.uexp" 1256
"../../../Engine/Content/EngineSky/M_SimpleSkyDome.uasset" 1257
"../../../Engine/Content/EngineSky/M_SimpleSkyDome.uexp" 1258
"../../../Engine/Content/EngineResources/LandscapeVisibilityLayerInfo.uasset" 1259
"../../../Engine/Content/EngineResources/LandscapeVisibilityLayerInfo.uexp" 1260
"../../../Engine/Content/VREditor/TransformGizmo/StartRotationHandleIndicator.ubulk" 1261
"../../../Engine/Content/VREditor/TransformGizmo/StartRotationHandleIndicator.uasset" 1262
"../../../Engine/Content/VREditor/TransformGizmo/StartRotationHandleIndicator.uexp" 1263
"../../../Engine/Content/VREditor/Sounds/UI/Drop_Item_From_ContentBrowser.ubulk" 1264
"../../../Engine/Content/VREditor/Sounds/UI/Drop_Item_From_ContentBrowser.uasset" 1265
"../../../Engine/Content/VREditor/Sounds/UI/Drop_Item_From_ContentBrowser.uexp" 1266
"../../../Engine/Content/VREditor/TransformGizmo/PlaneTranslationHandle.ubulk" 1267
"../../../Engine/Content/VREditor/TransformGizmo/PlaneTranslationHandle.uasset" 1268
"../../../Engine/Content/VREditor/TransformGizmo/PlaneTranslationHandle.uexp" 1269
"../../../Engine/Content/VREditor/Sounds/UI/Object_Snaps_To_Grid.ubulk" 1270
"../../../Engine/Content/VREditor/Sounds/UI/Object_Snaps_To_Grid.uasset" 1271
"../../../Engine/Content/VREditor/Sounds/UI/Object_Snaps_To_Grid.uexp" 1272
"../../../Engine/Content/VREditor/Sounds/UI/Selection_Changes.ubulk" 1273
"../../../Engine/Content/VREditor/Sounds/UI/Selection_Changes.uasset" 1274
"../../../Engine/Content/VREditor/Sounds/UI/Selection_Changes.uexp" 1275
"../../../Engine/Content/VREditor/Sounds/UI/Object_Snaps_To_Another_Actor.ubulk" 1276
"../../../Engine/Content/VREditor/Sounds/UI/Object_Snaps_To_Another_Actor.uasset" 1277
"../../../Engine/Content/VREditor/Sounds/UI/Object_Snaps_To_Another_Actor.uexp" 1278
"../../../Engine/Content/VREditor/TransformGizmo/TranslucentTransformGizmoMaterial_Inst.uasset" 1279
"../../../Engine/Content/VREditor/TransformGizmo/TranslucentTransformGizmoMaterial_Inst.uexp" 1280
"../../../Engine/Content/VREditor/TransformGizmo/TransformGizmoFreeRotation.ubulk" 1281
"../../../Engine/Content/VREditor/TransformGizmo/TransformGizmoFreeRotation.uasset" 1282
"../../../Engine/Content/VREditor/TransformGizmo/TransformGizmoFreeRotation.uexp" 1283
"../../../Engine/Content/VREditor/Sounds/UI/Scaling_Down.ubulk" 1284
"../../../Engine/Content/VREditor/Sounds/UI/Scaling_Down.uasset" 1285
"../../../Engine/Content/VREditor/Sounds/UI/Scaling_Down.uexp" 1286
"../../../Engine/Content/Functions/Engine_MaterialFunctions02/SplitComponents.uasset" 1287
"../../../Engine/Content/Functions/Engine_MaterialFunctions02/SplitComponents.uexp" 1288
"../../../Engine/Content/VREditor/SnapGrid/SnapGridMaterial.uasset" 1289
"../../../Engine/Content/VREditor/SnapGrid/SnapGridMaterial.uexp" 1290
"../../../Engine/Content/VREditor/SnapGrid/SnapGridPlaneMesh.ubulk" 1291
"../../../Engine/Content/VREditor/SnapGrid/SnapGridPlaneMesh.uasset" 1292
"../../../Engine/Content/VREditor/SnapGrid/SnapGridPlaneMesh.uexp" 1293
"../../../Engine/Content/VREditor/Sounds/UI/Scaling_Up.ubulk" 1294
"../../../Engine/Content/VREditor/Sounds/UI/Scaling_Up.uasset" 1295
"../../../Engine/Content/VREditor/Sounds/UI/Scaling_Up.uexp" 1296
"../../../Engine/Content/VREditor/TransformGizmo/TransformGizmoMaterial_Inst.uasset" 1297
"../../../Engine/Content/VREditor/TransformGizmo/TransformGizmoMaterial_Inst.uexp" 1298
"../../../Engine/Content/VREditor/Sounds/UI/Gizmo_Handle_Clicked.ubulk" 1299
"../../../Engine/Content/VREditor/Sounds/UI/Gizmo_Handle_Clicked.uasset" 1300
"../../../Engine/Content/VREditor/Sounds/UI/Gizmo_Handle_Clicked.uexp" 1301
"../../../Engine/Content/VREditor/TransformGizmo/RotationHandleQuarter.ubulk" 1302
"../../../Engine/Content/VREditor/TransformGizmo/RotationHandleQuarter.uasset" 1303
"../../../Engine/Content/VREditor/TransformGizmo/RotationHandleQuarter.uexp" 1304
"../../../Engine/Content/VREditor/TransformGizmo/TranslateArrowHandle.ubulk" 1305
"../../../Engine/Content/VREditor/TransformGizmo/TranslateArrowHandle.uasset" 1306
"../../../Engine/Content/VREditor/TransformGizmo/TranslateArrowHandle.uexp" 1307
"../../../Engine/Content/VREditor/TransformGizmo/RotationHandleIndicator.ubulk" 1308
"../../../Engine/Content/VREditor/TransformGizmo/RotationHandleIndicator.uasset" 1309
"../../../Engine/Content/VREditor/TransformGizmo/RotationHandleIndicator.uexp" 1310
"../../../Engine/Content/VREditor/TransformGizmo/UniformScaleHandle.ubulk" 1311
"../../../Engine/Content/VREditor/TransformGizmo/UniformScaleHandle.uasset" 1312
"../../../Engine/Content/VREditor/TransformGizmo/UniformScaleHandle.uexp" 1313
"../../../Engine/Content/VREditor/TransformGizmo/RotationHandleFull.ubulk" 1314
"../../../Engine/Content/VREditor/TransformGizmo/RotationHandleFull.uasset" 1315
"../../../Engine/Content/VREditor/TransformGizmo/RotationHandleFull.uexp" 1316
"../../../Engine/Content/VREditor/Sounds/UI/Object_PickUp.ubulk" 1317
"../../../Engine/Content/VREditor/Sounds/UI/Object_PickUp.uasset" 1318
"../../../Engine/Content/VREditor/Sounds/UI/Object_PickUp.uexp" 1319
"../../../Engine/Plugins/Animation/DeformerGraph/Content/DeformerFunctions/DG_Function_ComputeNormalsTangents.uasset" 1320
"../../../Engine/Plugins/Animation/DeformerGraph/Content/DeformerFunctions/DG_Function_ComputeNormalsTangents.uexp" 1321
"../../../Engine/Plugins/Animation/DeformerGraph/Content/DeformerFunctions/DG_Function_LinearBlendSkin_Morph_Cloth.uasset" 1322
"../../../Engine/Plugins/Animation/DeformerGraph/Content/DeformerFunctions/DG_Function_LinearBlendSkin_Morph_Cloth.uexp" 1323
"../../../Engine/Plugins/Animation/DeformerGraph/Content/DeformerFunctions/DG_Function_LinearBlendSkin_Morph_Cloth_PositionOnly.uasset" 1324
"../../../Engine/Plugins/Animation/DeformerGraph/Content/DeformerFunctions/DG_Function_LinearBlendSkin_Morph_Cloth_PositionOnly.uexp" 1325
"../../../Engine/Plugins/Animation/DeformerGraph/Content/Deformers/DG_LinearBlendSkin_Morph_Cloth.uasset" 1326
"../../../Engine/Plugins/Animation/DeformerGraph/Content/Deformers/DG_LinearBlendSkin_Morph_Cloth.uexp" 1327
"../../../Engine/Plugins/Animation/DeformerGraph/Content/Deformers/DG_LinearBlendSkin_Morph_Cloth_RecomputeNormals.uasset" 1328
"../../../Engine/Plugins/Animation/DeformerGraph/Content/Deformers/DG_LinearBlendSkin_Morph_Cloth_RecomputeNormals.uexp" 1329
"../../../Engine/Plugins/NNE/NNEDenoiser/Content/NNEDT_Oidn2-3_Balanced.uasset" 1330
"../../../Engine/Plugins/NNE/NNEDenoiser/Content/NNEDT_Oidn2-3_Balanced.uexp" 1331
"../../../Engine/Plugins/NNE/NNEDenoiser/Content/NNEDT_Oidn2-3_Balanced_Alpha.uasset" 1332
"../../../Engine/Plugins/NNE/NNEDenoiser/Content/NNEDT_Oidn2-3_Balanced_Alpha.uexp" 1333
"../../../Engine/Plugins/NNE/NNEDenoiser/Content/NNED_Oidn2-3_Balanced.uasset" 1334
"../../../Engine/Plugins/NNE/NNEDenoiser/Content/NNED_Oidn2-3_Balanced.uexp" 1335
"../../../Engine/Plugins/NNE/NNEDenoiser/Content/NNED_Oidn2-3_Balanced_Alpha.uasset" 1336
"../../../Engine/Plugins/NNE/NNEDenoiser/Content/NNED_Oidn2-3_Balanced_Alpha.uexp" 1337
"../../../Engine/Plugins/NNE/NNEDenoiser/Content/NNED_Oidn2-3_Fast.uasset" 1338
"../../../Engine/Plugins/NNE/NNEDenoiser/Content/NNED_Oidn2-3_Fast.uexp" 1339
"../../../Engine/Plugins/NNE/NNEDenoiser/Content/NNED_Oidn2-3_Fast_Alpha.uasset" 1340
"../../../Engine/Plugins/NNE/NNEDenoiser/Content/NNED_Oidn2-3_Fast_Alpha.uexp" 1341
"../../../Engine/Plugins/NNE/NNEDenoiser/Content/NNED_Oidn2-3_HighQuality.uasset" 1342
"../../../Engine/Plugins/NNE/NNEDenoiser/Content/NNED_Oidn2-3_HighQuality.uexp" 1343
"../../../Engine/Plugins/NNE/NNEDenoiser/Content/NNED_Oidn2-3_HighQuality_Alpha.uasset" 1344
"../../../Engine/Plugins/NNE/NNEDenoiser/Content/NNED_Oidn2-3_HighQuality_Alpha.uexp" 1345
"../../../Engine/Plugins/NNE/NNEDenoiser/Content/NNE_oidn2-3-0_rt_hdr_alb_nrm_small__dyn__fp16_opset11_DenoiseAlpha.uasset" 1346
"../../../Engine/Plugins/NNE/NNEDenoiser/Content/NNE_oidn2-3-0_rt_hdr_alb_nrm_small__dyn__fp16_opset11_DenoiseAlpha.uexp" 1347
"../../../Engine/Plugins/NNE/NNEDenoiser/Content/NNE_oidn2-3-0_rt_hdr_alb_nrm_small__dyn__fp16_opset11_ForwardAlpha.uasset" 1348
"../../../Engine/Plugins/NNE/NNEDenoiser/Content/NNE_oidn2-3-0_rt_hdr_alb_nrm_small__dyn__fp16_opset11_ForwardAlpha.uexp" 1349
"../../../Engine/Plugins/NNE/NNEDenoiser/Content/NNE_oidn2-3-0_rt_hdr_alb_nrm__dyn__fp16_opset11_DenoiseAlpha.uasset" 1350
"../../../Engine/Plugins/NNE/NNEDenoiser/Content/NNE_oidn2-3-0_rt_hdr_alb_nrm__dyn__fp16_opset11_DenoiseAlpha.uexp" 1351
"../../../Engine/Plugins/NNE/NNEDenoiser/Content/NNE_oidn2-3-0_rt_hdr_alb_nrm__dyn__fp16_opset11_ForwardAlpha.uasset" 1352
"../../../Engine/Plugins/NNE/NNEDenoiser/Content/NNE_oidn2-3-0_rt_hdr_alb_nrm__dyn__fp16_opset11_ForwardAlpha.uexp" 1353
"../../../Engine/Plugins/NNE/NNEDenoiser/Content/NNE_oidn2-3-0_rt_hdr_calb_cnrm_large__dyn__fp16_opset11_DenoiseAlpha.uasset" 1354
"../../../Engine/Plugins/NNE/NNEDenoiser/Content/NNE_oidn2-3-0_rt_hdr_calb_cnrm_large__dyn__fp16_opset11_DenoiseAlpha.uexp" 1355
"../../../Engine/Plugins/NNE/NNEDenoiser/Content/NNE_oidn2-3-0_rt_hdr_calb_cnrm_large__dyn__fp16_opset11_ForwardAlpha.uasset" 1356
"../../../Engine/Plugins/NNE/NNEDenoiser/Content/NNE_oidn2-3-0_rt_hdr_calb_cnrm_large__dyn__fp16_opset11_ForwardAlpha.uexp" 1357
"../../../Engine/Content/Maps/Templates/OpenWorld.uexp" 1358
"../../../Engine/Content/Maps/Templates/OpenWorld.ubulk" 1359
"../../../Engine/Content/Maps/Templates/OpenWorld.umap" 1360
"../../../Engine/Content/Maps/Entry_BuiltData.uasset" 1361
"../../../Engine/Content/Maps/Entry_BuiltData.uexp" 1362
"../../../Engine/Content/Maps/Entry.uexp" 1363
"../../../Engine/Content/Maps/Entry.umap" 1364
"../../../Engine/Content/Maps/Templates/OpenWorld/_Generated_/1BX0BGYZ17G0U09675N1KG9F8.uexp" 1365
"../../../Engine/Content/Maps/Templates/OpenWorld/_Generated_/1BX0BGYZ17G0U09675N1KG9F8.ubulk" 1366
"../../../Engine/Content/Maps/Templates/OpenWorld/_Generated_/1BX0BGYZ17G0U09675N1KG9F8.umap" 1367
"../../../Engine/Content/Maps/Templates/OpenWorld/_Generated_/EDEENOWTZDO3K761WYC6F62MH.uexp" 1368
"../../../Engine/Content/Maps/Templates/OpenWorld/_Generated_/EDEENOWTZDO3K761WYC6F62MH.ubulk" 1369
"../../../Engine/Content/Maps/Templates/OpenWorld/_Generated_/EDEENOWTZDO3K761WYC6F62MH.umap" 1370
"../../../Engine/Content/Maps/Templates/OpenWorld/_Generated_/0YRZP86H9BCB7FYAVAQIEYRCY.uexp" 1371
"../../../Engine/Content/Maps/Templates/OpenWorld/_Generated_/0YRZP86H9BCB7FYAVAQIEYRCY.ubulk" 1372
"../../../Engine/Content/Maps/Templates/OpenWorld/_Generated_/0YRZP86H9BCB7FYAVAQIEYRCY.umap" 1373
"../../../Engine/Content/Maps/Templates/OpenWorld/_Generated_/11FM09D4X0P92LN4J15MPZWTO.uexp" 1374
"../../../Engine/Content/Maps/Templates/OpenWorld/_Generated_/11FM09D4X0P92LN4J15MPZWTO.ubulk" 1375
"../../../Engine/Content/Maps/Templates/OpenWorld/_Generated_/11FM09D4X0P92LN4J15MPZWTO.umap" 1376
"../../../Engine/Content/Maps/Templates/OpenWorld/_Generated_/D1DN3JVAKT1IU41G7WQCLQRAM.uexp" 1377
"../../../Engine/Content/Maps/Templates/OpenWorld/_Generated_/D1DN3JVAKT1IU41G7WQCLQRAM.ubulk" 1378
"../../../Engine/Content/Maps/Templates/OpenWorld/_Generated_/D1DN3JVAKT1IU41G7WQCLQRAM.umap" 1379
"../../../Engine/Content/Maps/Templates/OpenWorld/_Generated_/5589EJ3YNAFY0K517GT76Z3EM.uexp" 1380
"../../../Engine/Content/Maps/Templates/OpenWorld/_Generated_/5589EJ3YNAFY0K517GT76Z3EM.ubulk" 1381
"../../../Engine/Content/Maps/Templates/OpenWorld/_Generated_/5589EJ3YNAFY0K517GT76Z3EM.umap" 1382
"../../../Engine/Content/Maps/Templates/OpenWorld/_Generated_/23ZR7LQ5LZ3FS0PMCR1ZKJBX5.uexp" 1383
"../../../Engine/Content/Maps/Templates/OpenWorld/_Generated_/23ZR7LQ5LZ3FS0PMCR1ZKJBX5.ubulk" 1384
"../../../Engine/Content/Maps/Templates/OpenWorld/_Generated_/23ZR7LQ5LZ3FS0PMCR1ZKJBX5.umap" 1385
"../../../Engine/Content/Maps/Templates/OpenWorld/_Generated_/9CG6NSY5SPFUYJH4AIWXX1QD9.uexp" 1386
"../../../Engine/Content/Maps/Templates/OpenWorld/_Generated_/9CG6NSY5SPFUYJH4AIWXX1QD9.ubulk" 1387
"../../../Engine/Content/Maps/Templates/OpenWorld/_Generated_/9CG6NSY5SPFUYJH4AIWXX1QD9.umap" 1388
"../../../Engine/Content/Maps/Templates/OpenWorld/_Generated_/ERDR3X7GTNEIJLJS14Q6QZGUD.uexp" 1389
"../../../Engine/Content/Maps/Templates/OpenWorld/_Generated_/ERDR3X7GTNEIJLJS14Q6QZGUD.ubulk" 1390
"../../../Engine/Content/Maps/Templates/OpenWorld/_Generated_/ERDR3X7GTNEIJLJS14Q6QZGUD.umap" 1391
"../../../Engine/Content/Maps/Templates/OpenWorld/_Generated_/B11KFXDGHHWI998I49YF8OSCV.uexp" 1392
"../../../Engine/Content/Maps/Templates/OpenWorld/_Generated_/B11KFXDGHHWI998I49YF8OSCV.ubulk" 1393
"../../../Engine/Content/Maps/Templates/OpenWorld/_Generated_/B11KFXDGHHWI998I49YF8OSCV.umap" 1394
"../../../Engine/Content/Maps/Templates/OpenWorld/_Generated_/2EXPORCQWFXA0VGPUZFFEH42V.uexp" 1395
"../../../Engine/Content/Maps/Templates/OpenWorld/_Generated_/2EXPORCQWFXA0VGPUZFFEH42V.ubulk" 1396
"../../../Engine/Content/Maps/Templates/OpenWorld/_Generated_/2EXPORCQWFXA0VGPUZFFEH42V.umap" 1397
"../../../Engine/Content/Maps/Templates/OpenWorld/_Generated_/CMII0KWF4DK79CQ7FNE3VYZ0Y.uexp" 1398
"../../../Engine/Content/Maps/Templates/OpenWorld/_Generated_/CMII0KWF4DK79CQ7FNE3VYZ0Y.ubulk" 1399
"../../../Engine/Content/Maps/Templates/OpenWorld/_Generated_/CMII0KWF4DK79CQ7FNE3VYZ0Y.umap" 1400
"../../../Engine/Content/Maps/Templates/OpenWorld/_Generated_/7QAN0CUPH7L6XIAXVC415BO3H.uexp" 1401
"../../../Engine/Content/Maps/Templates/OpenWorld/_Generated_/7QAN0CUPH7L6XIAXVC415BO3H.ubulk" 1402
"../../../Engine/Content/Maps/Templates/OpenWorld/_Generated_/7QAN0CUPH7L6XIAXVC415BO3H.umap" 1403
"../../../Engine/Content/Maps/Templates/OpenWorld/_Generated_/062VPHY2A664O1BFN6K10ZTFC.uexp" 1404
"../../../Engine/Content/Maps/Templates/OpenWorld/_Generated_/062VPHY2A664O1BFN6K10ZTFC.ubulk" 1405
"../../../Engine/Content/Maps/Templates/OpenWorld/_Generated_/062VPHY2A664O1BFN6K10ZTFC.umap" 1406
"../../../Engine/Content/Maps/Templates/OpenWorld/_Generated_/3VF47RGRS9W4BJX2S86EFTVJD.uexp" 1407
"../../../Engine/Content/Maps/Templates/OpenWorld/_Generated_/3VF47RGRS9W4BJX2S86EFTVJD.ubulk" 1408
"../../../Engine/Content/Maps/Templates/OpenWorld/_Generated_/3VF47RGRS9W4BJX2S86EFTVJD.umap" 1409
"../../../Engine/Content/Maps/Templates/OpenWorld/_Generated_/A7UZ852D2ZZOKJMRIHDRWHDZ8.uexp" 1410
"../../../Engine/Content/Maps/Templates/OpenWorld/_Generated_/A7UZ852D2ZZOKJMRIHDRWHDZ8.ubulk" 1411
"../../../Engine/Content/Maps/Templates/OpenWorld/_Generated_/A7UZ852D2ZZOKJMRIHDRWHDZ8.umap" 1412
"../../../Engine/Content/Maps/Templates/OpenWorld/_Generated_/264SVRNDEWW4MGWUIDC4BTIXK.uexp" 1413
"../../../Engine/Content/Maps/Templates/OpenWorld/_Generated_/264SVRNDEWW4MGWUIDC4BTIXK.ubulk" 1414
"../../../Engine/Content/Maps/Templates/OpenWorld/_Generated_/264SVRNDEWW4MGWUIDC4BTIXK.umap" 1415
"../../../Engine/Content/Maps/Templates/OpenWorld/_Generated_/EUV70YALLEKX8DTKFHA9JZCNR.uexp" 1416
"../../../Engine/Content/Maps/Templates/OpenWorld/_Generated_/EUV70YALLEKX8DTKFHA9JZCNR.ubulk" 1417
"../../../Engine/Content/Maps/Templates/OpenWorld/_Generated_/EUV70YALLEKX8DTKFHA9JZCNR.umap" 1418
"../../../Engine/Content/Maps/Templates/OpenWorld/_Generated_/7E8MPC3Z1ENYFQOFU0TO8H1O3.uexp" 1419
"../../../Engine/Content/Maps/Templates/OpenWorld/_Generated_/7E8MPC3Z1ENYFQOFU0TO8H1O3.ubulk" 1420
"../../../Engine/Content/Maps/Templates/OpenWorld/_Generated_/7E8MPC3Z1ENYFQOFU0TO8H1O3.umap" 1421
"../../../Engine/Content/Maps/Templates/OpenWorld/_Generated_/6U1Q6DZVXYENNRFSLB9Q4MBCV.uexp" 1422
"../../../Engine/Content/Maps/Templates/OpenWorld/_Generated_/6U1Q6DZVXYENNRFSLB9Q4MBCV.ubulk" 1423
"../../../Engine/Content/Maps/Templates/OpenWorld/_Generated_/6U1Q6DZVXYENNRFSLB9Q4MBCV.umap" 1424
"../../../Engine/Content/Maps/Templates/OpenWorld/_Generated_/5Y4REHE1GDAJJ90DPEI1VVKT8.uexp" 1425
"../../../Engine/Content/Maps/Templates/OpenWorld/_Generated_/5Y4REHE1GDAJJ90DPEI1VVKT8.ubulk" 1426
"../../../Engine/Content/Maps/Templates/OpenWorld/_Generated_/5Y4REHE1GDAJJ90DPEI1VVKT8.umap" 1427
"../../../Engine/Content/Maps/Templates/OpenWorld/_Generated_/5YLXSWDD6B74X559RZ9RN5K99.uexp" 1428
"../../../Engine/Content/Maps/Templates/OpenWorld/_Generated_/5YLXSWDD6B74X559RZ9RN5K99.ubulk" 1429
"../../../Engine/Content/Maps/Templates/OpenWorld/_Generated_/5YLXSWDD6B74X559RZ9RN5K99.umap" 1430
"../../../Engine/Content/Maps/Templates/OpenWorld/_Generated_/47IZ3J3V5ZG6TMR3GM3VMJ2Y2.uexp" 1431
"../../../Engine/Content/Maps/Templates/OpenWorld/_Generated_/47IZ3J3V5ZG6TMR3GM3VMJ2Y2.ubulk" 1432
"../../../Engine/Content/Maps/Templates/OpenWorld/_Generated_/47IZ3J3V5ZG6TMR3GM3VMJ2Y2.umap" 1433
"../../../Engine/Content/Maps/Templates/OpenWorld/_Generated_/7IZRC9ECG7XKK61Q37LY67KCB.uexp" 1434
"../../../Engine/Content/Maps/Templates/OpenWorld/_Generated_/7IZRC9ECG7XKK61Q37LY67KCB.ubulk" 1435
"../../../Engine/Content/Maps/Templates/OpenWorld/_Generated_/7IZRC9ECG7XKK61Q37LY67KCB.umap" 1436
"../../../Engine/Content/Maps/Templates/OpenWorld/_Generated_/EYFK9JZPSX06MOH3LNAI7SW92.uexp" 1437
"../../../Engine/Content/Maps/Templates/OpenWorld/_Generated_/EYFK9JZPSX06MOH3LNAI7SW92.ubulk" 1438
"../../../Engine/Content/Maps/Templates/OpenWorld/_Generated_/EYFK9JZPSX06MOH3LNAI7SW92.umap" 1439
"../../../Engine/Content/Maps/Templates/OpenWorld/_Generated_/0FBSY5KVOXKO2F95PG60Y9LQ1.uexp" 1440
"../../../Engine/Content/Maps/Templates/OpenWorld/_Generated_/0FBSY5KVOXKO2F95PG60Y9LQ1.ubulk" 1441
"../../../Engine/Content/Maps/Templates/OpenWorld/_Generated_/0FBSY5KVOXKO2F95PG60Y9LQ1.umap" 1442
"../../../Engine/Content/Maps/Templates/OpenWorld/_Generated_/9DWYO4CR8ZRKRYVNPHDVJTYH4.uexp" 1443
"../../../Engine/Content/Maps/Templates/OpenWorld/_Generated_/9DWYO4CR8ZRKRYVNPHDVJTYH4.ubulk" 1444
"../../../Engine/Content/Maps/Templates/OpenWorld/_Generated_/9DWYO4CR8ZRKRYVNPHDVJTYH4.umap" 1445
"../../../Engine/Content/Maps/Templates/OpenWorld/_Generated_/560Q2YQDUSHN6VRUZ0LHOWU97.uexp" 1446
"../../../Engine/Content/Maps/Templates/OpenWorld/_Generated_/560Q2YQDUSHN6VRUZ0LHOWU97.ubulk" 1447
"../../../Engine/Content/Maps/Templates/OpenWorld/_Generated_/560Q2YQDUSHN6VRUZ0LHOWU97.umap" 1448
"../../../Engine/Content/Maps/Templates/OpenWorld/_Generated_/90YKWZXGBC5Q8M7RFK49P371F.uexp" 1449
"../../../Engine/Content/Maps/Templates/OpenWorld/_Generated_/90YKWZXGBC5Q8M7RFK49P371F.ubulk" 1450
"../../../Engine/Content/Maps/Templates/OpenWorld/_Generated_/90YKWZXGBC5Q8M7RFK49P371F.umap" 1451
"../../../Engine/Content/Maps/Templates/OpenWorld/_Generated_/D528WYH177JBF1MVERKEF59XI.uexp" 1452
"../../../Engine/Content/Maps/Templates/OpenWorld/_Generated_/D528WYH177JBF1MVERKEF59XI.ubulk" 1453
"../../../Engine/Content/Maps/Templates/OpenWorld/_Generated_/D528WYH177JBF1MVERKEF59XI.umap" 1454
"../../../Engine/Content/Maps/Templates/OpenWorld/_Generated_/91C65FSOVE5PX3RH3ZE5R7AWP.uexp" 1455
"../../../Engine/Content/Maps/Templates/OpenWorld/_Generated_/91C65FSOVE5PX3RH3ZE5R7AWP.ubulk" 1456
"../../../Engine/Content/Maps/Templates/OpenWorld/_Generated_/91C65FSOVE5PX3RH3ZE5R7AWP.umap" 1457
"../../../Engine/Content/Maps/Templates/OpenWorld/_Generated_/CGX8O6ITCT8PB63Y6Q4CTFLKF.uexp" 1458
"../../../Engine/Content/Maps/Templates/OpenWorld/_Generated_/CGX8O6ITCT8PB63Y6Q4CTFLKF.ubulk" 1459
"../../../Engine/Content/Maps/Templates/OpenWorld/_Generated_/CGX8O6ITCT8PB63Y6Q4CTFLKF.umap" 1460
"../../../Engine/Content/Maps/Templates/OpenWorld/_Generated_/4VMFP9X0E1WZQ30W8JQB6M1YL.uexp" 1461
"../../../Engine/Content/Maps/Templates/OpenWorld/_Generated_/4VMFP9X0E1WZQ30W8JQB6M1YL.ubulk" 1462
"../../../Engine/Content/Maps/Templates/OpenWorld/_Generated_/4VMFP9X0E1WZQ30W8JQB6M1YL.umap" 1463
"../../../Engine/Content/Maps/Templates/OpenWorld/_Generated_/0ULS9JG1EER47G9XYQAP7GS53.uexp" 1464
"../../../Engine/Content/Maps/Templates/OpenWorld/_Generated_/0ULS9JG1EER47G9XYQAP7GS53.ubulk" 1465
"../../../Engine/Content/Maps/Templates/OpenWorld/_Generated_/0ULS9JG1EER47G9XYQAP7GS53.umap" 1466
"../../../Engine/Content/Maps/Templates/OpenWorld/_Generated_/2KZONTR6XMIOC1XIKLEAIDFGK.uexp" 1467
"../../../Engine/Content/Maps/Templates/OpenWorld/_Generated_/2KZONTR6XMIOC1XIKLEAIDFGK.ubulk" 1468
"../../../Engine/Content/Maps/Templates/OpenWorld/_Generated_/2KZONTR6XMIOC1XIKLEAIDFGK.umap" 1469
"../../../Engine/Content/Maps/Templates/OpenWorld/_Generated_/4ZN1OJP2B964Q0681LMOH9CAD.uexp" 1470
"../../../Engine/Content/Maps/Templates/OpenWorld/_Generated_/4ZN1OJP2B964Q0681LMOH9CAD.ubulk" 1471
"../../../Engine/Content/Maps/Templates/OpenWorld/_Generated_/4ZN1OJP2B964Q0681LMOH9CAD.umap" 1472
"../../../Engine/Content/Maps/Templates/OpenWorld/_Generated_/A162FR22SPAI1JX798GP4T1ZY.uexp" 1473
"../../../Engine/Content/Maps/Templates/OpenWorld/_Generated_/A162FR22SPAI1JX798GP4T1ZY.ubulk" 1474
"../../../Engine/Content/Maps/Templates/OpenWorld/_Generated_/A162FR22SPAI1JX798GP4T1ZY.umap" 1475
"../../../Engine/Content/Maps/Templates/OpenWorld/_Generated_/0DKNXQ64G0741WMB1HG25AYNU.uexp" 1476
"../../../Engine/Content/Maps/Templates/OpenWorld/_Generated_/0DKNXQ64G0741WMB1HG25AYNU.ubulk" 1477
"../../../Engine/Content/Maps/Templates/OpenWorld/_Generated_/0DKNXQ64G0741WMB1HG25AYNU.umap" 1478
"../../../Engine/Content/Maps/Templates/OpenWorld/_Generated_/8HTVHG4ZV10ESALAMDOXITR27.uexp" 1479
"../../../Engine/Content/Maps/Templates/OpenWorld/_Generated_/8HTVHG4ZV10ESALAMDOXITR27.ubulk" 1480
"../../../Engine/Content/Maps/Templates/OpenWorld/_Generated_/8HTVHG4ZV10ESALAMDOXITR27.umap" 1481
"../../../Engine/Content/Maps/Templates/OpenWorld/_Generated_/1XRO772MR72DR4NTZXXPNQLCL.uexp" 1482
"../../../Engine/Content/Maps/Templates/OpenWorld/_Generated_/1XRO772MR72DR4NTZXXPNQLCL.ubulk" 1483
"../../../Engine/Content/Maps/Templates/OpenWorld/_Generated_/1XRO772MR72DR4NTZXXPNQLCL.umap" 1484
"../../../Engine/Content/Maps/Templates/OpenWorld/_Generated_/1KA8PENA07S1TLPYUQT1ADWJW.uexp" 1485
"../../../Engine/Content/Maps/Templates/OpenWorld/_Generated_/1KA8PENA07S1TLPYUQT1ADWJW.ubulk" 1486
"../../../Engine/Content/Maps/Templates/OpenWorld/_Generated_/1KA8PENA07S1TLPYUQT1ADWJW.umap" 1487
"../../../Engine/Content/Maps/Templates/OpenWorld/_Generated_/EJQVVAI5ME30NB6FGJ49AXY9F.uexp" 1488
"../../../Engine/Content/Maps/Templates/OpenWorld/_Generated_/EJQVVAI5ME30NB6FGJ49AXY9F.ubulk" 1489
"../../../Engine/Content/Maps/Templates/OpenWorld/_Generated_/EJQVVAI5ME30NB6FGJ49AXY9F.umap" 1490
"../../../Engine/Content/Maps/Templates/OpenWorld/_Generated_/52ROPPDGP6LV1T2TJ05NFM0XY.uexp" 1491
"../../../Engine/Content/Maps/Templates/OpenWorld/_Generated_/52ROPPDGP6LV1T2TJ05NFM0XY.ubulk" 1492
"../../../Engine/Content/Maps/Templates/OpenWorld/_Generated_/52ROPPDGP6LV1T2TJ05NFM0XY.umap" 1493
"../../../Engine/Content/Maps/Templates/OpenWorld/_Generated_/8MWLTTOWQ9MQISB0FTDRBG27N.uexp" 1494
"../../../Engine/Content/Maps/Templates/OpenWorld/_Generated_/8MWLTTOWQ9MQISB0FTDRBG27N.ubulk" 1495
"../../../Engine/Content/Maps/Templates/OpenWorld/_Generated_/8MWLTTOWQ9MQISB0FTDRBG27N.umap" 1496
"../../../Engine/Content/Maps/Templates/OpenWorld/_Generated_/DQ6VH2NBB7RXPEUMYIX9HP52D.uexp" 1497
"../../../Engine/Content/Maps/Templates/OpenWorld/_Generated_/DQ6VH2NBB7RXPEUMYIX9HP52D.ubulk" 1498
"../../../Engine/Content/Maps/Templates/OpenWorld/_Generated_/DQ6VH2NBB7RXPEUMYIX9HP52D.umap" 1499
"../../../Engine/Content/Maps/Templates/OpenWorld/_Generated_/ETTXYQ53RP132MUZA505BMZBV.uexp" 1500
"../../../Engine/Content/Maps/Templates/OpenWorld/_Generated_/ETTXYQ53RP132MUZA505BMZBV.ubulk" 1501
"../../../Engine/Content/Maps/Templates/OpenWorld/_Generated_/ETTXYQ53RP132MUZA505BMZBV.umap" 1502
"../../../Engine/Content/Maps/Templates/OpenWorld/_Generated_/5JYRKCDWVZW8AS85ROYF9H9AR.uexp" 1503
"../../../Engine/Content/Maps/Templates/OpenWorld/_Generated_/5JYRKCDWVZW8AS85ROYF9H9AR.ubulk" 1504
"../../../Engine/Content/Maps/Templates/OpenWorld/_Generated_/5JYRKCDWVZW8AS85ROYF9H9AR.umap" 1505
"../../../Engine/Content/Maps/Templates/OpenWorld/_Generated_/9NTQYTBKVO06SRUD63GKC165Y.uexp" 1506
"../../../Engine/Content/Maps/Templates/OpenWorld/_Generated_/9NTQYTBKVO06SRUD63GKC165Y.ubulk" 1507
"../../../Engine/Content/Maps/Templates/OpenWorld/_Generated_/9NTQYTBKVO06SRUD63GKC165Y.umap" 1508
"../../../Engine/Content/Maps/Templates/OpenWorld/_Generated_/BXVJS9DZO1LTJ87VJXMLNXJ85.uexp" 1509
"../../../Engine/Content/Maps/Templates/OpenWorld/_Generated_/BXVJS9DZO1LTJ87VJXMLNXJ85.ubulk" 1510
"../../../Engine/Content/Maps/Templates/OpenWorld/_Generated_/BXVJS9DZO1LTJ87VJXMLNXJ85.umap" 1511
"../../../Engine/Content/Maps/Templates/OpenWorld/_Generated_/EVZZ44OOC35CBVX4NIVJ6ZF92.uexp" 1512
"../../../Engine/Content/Maps/Templates/OpenWorld/_Generated_/EVZZ44OOC35CBVX4NIVJ6ZF92.ubulk" 1513
"../../../Engine/Content/Maps/Templates/OpenWorld/_Generated_/EVZZ44OOC35CBVX4NIVJ6ZF92.umap" 1514
"../../../Engine/Content/Maps/Templates/OpenWorld/_Generated_/14TWR481M9BR03G9I7NG4KINT.uexp" 1515
"../../../Engine/Content/Maps/Templates/OpenWorld/_Generated_/14TWR481M9BR03G9I7NG4KINT.ubulk" 1516
"../../../Engine/Content/Maps/Templates/OpenWorld/_Generated_/14TWR481M9BR03G9I7NG4KINT.umap" 1517
"../../../Engine/Content/Maps/Templates/OpenWorld/_Generated_/9SC5WUA5JIS0UM415PBWV1RPM.uexp" 1518
"../../../Engine/Content/Maps/Templates/OpenWorld/_Generated_/9SC5WUA5JIS0UM415PBWV1RPM.ubulk" 1519
"../../../Engine/Content/Maps/Templates/OpenWorld/_Generated_/9SC5WUA5JIS0UM415PBWV1RPM.umap" 1520
"../../../Engine/Content/Maps/Templates/OpenWorld/_Generated_/0FO269CJJPT1KWUNPV8I3D7HF.uexp" 1521
"../../../Engine/Content/Maps/Templates/OpenWorld/_Generated_/0FO269CJJPT1KWUNPV8I3D7HF.ubulk" 1522
"../../../Engine/Content/Maps/Templates/OpenWorld/_Generated_/0FO269CJJPT1KWUNPV8I3D7HF.umap" 1523
"../../../Engine/Content/Maps/Templates/OpenWorld/_Generated_/6STUIE5HIVZGCEZANDWW93U27.uexp" 1524
"../../../Engine/Content/Maps/Templates/OpenWorld/_Generated_/6STUIE5HIVZGCEZANDWW93U27.ubulk" 1525
"../../../Engine/Content/Maps/Templates/OpenWorld/_Generated_/6STUIE5HIVZGCEZANDWW93U27.umap" 1526
"../../../Engine/Content/Maps/Templates/OpenWorld/_Generated_/DCTE9CM81UE50WYEPVQYX7F1G.uexp" 1527
"../../../Engine/Content/Maps/Templates/OpenWorld/_Generated_/DCTE9CM81UE50WYEPVQYX7F1G.ubulk" 1528
"../../../Engine/Content/Maps/Templates/OpenWorld/_Generated_/DCTE9CM81UE50WYEPVQYX7F1G.umap" 1529
"../../../Engine/Content/Maps/Templates/OpenWorld/_Generated_/5GC7QNJQ9XVF1C45OZMTCJC0G.uexp" 1530
"../../../Engine/Content/Maps/Templates/OpenWorld/_Generated_/5GC7QNJQ9XVF1C45OZMTCJC0G.ubulk" 1531
"../../../Engine/Content/Maps/Templates/OpenWorld/_Generated_/5GC7QNJQ9XVF1C45OZMTCJC0G.umap" 1532
"../../../Engine/Content/Maps/Templates/OpenWorld/_Generated_/8FBSR6G98CEOTI59LE9GFCH6X.uexp" 1533
"../../../Engine/Content/Maps/Templates/OpenWorld/_Generated_/8FBSR6G98CEOTI59LE9GFCH6X.ubulk" 1534
"../../../Engine/Content/Maps/Templates/OpenWorld/_Generated_/8FBSR6G98CEOTI59LE9GFCH6X.umap" 1535
"../../../Engine/Content/Maps/Templates/OpenWorld/_Generated_/7W0EWM8OGZ345XSTZNS5AQMBI.uexp" 1536
"../../../Engine/Content/Maps/Templates/OpenWorld/_Generated_/7W0EWM8OGZ345XSTZNS5AQMBI.ubulk" 1537
"../../../Engine/Content/Maps/Templates/OpenWorld/_Generated_/7W0EWM8OGZ345XSTZNS5AQMBI.umap" 1538
"../../../Engine/Content/Maps/Templates/OpenWorld/_Generated_/5JAFRUW7M8C40BCVQK2GXFJNJ.uexp" 1539
"../../../Engine/Content/Maps/Templates/OpenWorld/_Generated_/5JAFRUW7M8C40BCVQK2GXFJNJ.ubulk" 1540
"../../../Engine/Content/Maps/Templates/OpenWorld/_Generated_/5JAFRUW7M8C40BCVQK2GXFJNJ.umap" 1541
"../../../Engine/Content/Maps/Templates/OpenWorld/_Generated_/CI21SMK3TPP9F7V768J0FQPFN.uexp" 1542
"../../../Engine/Content/Maps/Templates/OpenWorld/_Generated_/CI21SMK3TPP9F7V768J0FQPFN.ubulk" 1543
"../../../Engine/Content/Maps/Templates/OpenWorld/_Generated_/CI21SMK3TPP9F7V768J0FQPFN.umap" 1544
"../../../Engine/Content/Maps/Templates/OpenWorld/_Generated_/BT99C0BD1H8P4P6YI5OOM83O3.uexp" 1545
"../../../Engine/Content/Maps/Templates/OpenWorld/_Generated_/BT99C0BD1H8P4P6YI5OOM83O3.ubulk" 1546
"../../../Engine/Content/Maps/Templates/OpenWorld/_Generated_/BT99C0BD1H8P4P6YI5OOM83O3.umap" 1547
"../../../Engine/Content/Maps/Templates/OpenWorld/_Generated_/CTLYDDTL70JB2XY8IR8UZ41PX.uexp" 1548
"../../../Engine/Content/Maps/Templates/OpenWorld/_Generated_/CTLYDDTL70JB2XY8IR8UZ41PX.ubulk" 1549
"../../../Engine/Content/Maps/Templates/OpenWorld/_Generated_/CTLYDDTL70JB2XY8IR8UZ41PX.umap" 1550
"../../../Engine/Content/Maps/Templates/OpenWorld/_Generated_/2NGRSF81RI2C7PGU0F4UWZ4QP.uexp" 1551
"../../../Engine/Content/Maps/Templates/OpenWorld/_Generated_/2NGRSF81RI2C7PGU0F4UWZ4QP.ubulk" 1552
"../../../Engine/Content/Maps/Templates/OpenWorld/_Generated_/2NGRSF81RI2C7PGU0F4UWZ4QP.umap" 1553
"../../../Engine/Content/Maps/Templates/OpenWorld/_Generated_/18QM8YK0GSQ018IPR6OT7RJC5.uexp" 1554
"../../../Engine/Content/Maps/Templates/OpenWorld/_Generated_/18QM8YK0GSQ018IPR6OT7RJC5.ubulk" 1555
"../../../Engine/Content/Maps/Templates/OpenWorld/_Generated_/18QM8YK0GSQ018IPR6OT7RJC5.umap" 1556
